Recency,Frequency,Monetary
325,12,77556.46
1,8,4921.53
74,5,2019.3999999999999
18,4,4428.69
309,1,334.4
374,1,300.93
35,10,2849.84
203,2,406.76
231,1,1079.4
213,2,947.61
22,6,6371.73
32,3,18287.66
1,5,3887.07
57,10,8873.39
51,8,4252.89
286,4,511.25
2,11,5356.2300000000005
109,2,552.0
7,4,1313.1
290,2,641.38
633,1,500.24
3,1,168.9
627,1,917.7
412,3,1791.15
50,7,4316.56
44,5,4067.38
71,3,1298.04
310,3,1127.65
24,4,2989.2200000000003
10,2,457.5
389,2,503.15
314,4,3426.32
129,2,5416.32
81,4,1620.22
21,11,9676.3
4,5,1845.31
184,5,1850.56
28,2,585.27
378,1,1938.4
337,2,401.9
414,1,143.94
15,8,3901.11
402,3,1433.33
79,1,549.84
21,6,2724.84
590,1,234.75000000000003
71,6,2399.45
63,2,1272.48
18,15,4721.17
673,1,931.43
35,2,2409.9
45,1,1635.6599999999999
118,7,1962.3
413,1,205.25
302,1,84.3
322,6,1256.9
49,2,1019.36
681,1,63.24
148,1,1710.39
21,5,6390.36
49,5,1708.12
32,8,4340.77
78,7,23419.29
308,3,1013.71
409,1,346.9
74,6,2596.93
66,4,999.45
216,6,952.41
23,28,144458.37
656,1,202.56
2,20,6797.41
112,4,2021.2
385,2,503.01
63,1,600.39
15,6,1098.6
95,17,5231.8
0,10,2622.39
162,4,3340.0299999999997
77,2,1741.41
194,2,1345.21
21,3,825.8
25,9,7956.46
8,8,6204.41
42,1,256.4
35,27,10432.22
42,5,5059.32
0,10,16794.14
84,3,1103.43
79,6,13925.93
99,1,509.01
1,39,12683.4
13,2,2906.85
682,2,1142.88
461,2,859.2
366,1,173.55
2,1,172.06
731,1,485.31
20,5,5005.46
21,2,434.98
57,1,1002.3100000000001
242,1,476.49
43,1,449.45
21,6,4835.89
155,5,688.2
10,8,12669.88
16,2,430.57
133,1,707.09
55,5,16679.78
72,10,5879.95
43,3,3181.04
65,8,2995.91
70,4,1777.49
604,1,454.36
455,1,326.65
93,2,826.88
18,2,1189.59
52,4,1344.78
9,8,1212.05
16,2,742.1899999999999
681,1,56.73
422,1,132.8
187,5,3670.74
522,2,3070.54
689,1,211.95
1,79,39918.19
31,19,16249.289999999999
28,5,3928.0499999999997
16,31,12372.75
53,2,1149.6399999999999
15,23,14083.91
22,9,20276.37
3,1,680.99
10,1,527.2
27,7,5464.85
22,15,12185.51
575,29,23691.4
16,19,5097.18
32,12,6354.1
528,1,708.1
431,1,1037.28
730,1,285.3
9,3,1298.66
335,1,334.93
4,21,9823.64
38,1,460.40000000000003
62,3,715.21
165,2,433.74
15,9,1815.27
640,1,357.4
619,2,45.34
81,3,6248.5
20,3,403.70000000000005
559,1,393.71999999999997
22,19,5955.21
336,1,2169.39
95,5,3723.87
583,1,1126.0
17,4,779.05
408,1,955.2
232,1,73.5
133,4,1844.06
25,2,397.88
283,1,176.5
142,9,5178.02
428,1,3084.02
65,2,132.18
112,1,612.29
266,2,1597.76
352,1,383.7
77,4,2648.62
27,5,2481.6
0,5,2056.89
63,2,716.54
78,5,2634.2599999999998
142,1,599.68
38,2,192.72
18,23,4352.35
8,17,11126.11
497,3,973.73
0,3,1316.66
81,5,735.51
8,6,1933.48
527,1,316.48
59,9,3759.26
14,2,1933.2
29,1,349.83000000000004
627,2,1367.89
130,1,1089.18
91,2,716.35
42,3,12601.830000000002
408,1,732.94
28,2,640.45
21,7,11214.75
19,33,22254.49
29,3,981.18
483,2,481.88
447,1,980.25
35,1,372.7
74,2,1000.39
46,2,1161.5
197,3,383.58
165,1,95.19999999999999
575,6,1575.68
78,1,964.83
357,1,168.0
38,2,437.82
7,12,4608.75
448,1,468.5
681,1,129.23
49,2,599.56
15,8,18096.14
7,1,269.96
310,2,561.71
4,3,2134.0099999999998
302,1,238.85
7,9,4966.92
408,1,249.24
260,1,456.9
288,1,145.92
85,1,351.65
22,15,11767.48
644,1,70.0
1,32,4124.69
681,1,77.52
39,2,519.61
8,2,1020.4200000000001
226,5,717.41
315,1,218.45000000000002
456,2,622.82
35,8,2142.72
34,8,1617.1
20,4,4642.45
77,1,440.42
246,2,1052.9
39,1,197.71
238,4,1980.4
2,27,13591.58
3,9,2338.15
233,2,2040.1
16,4,2062.67
7,1,144.0
38,4,958.78
28,8,4695.66
210,2,9864.26
316,3,1338.95
91,5,2582.66
108,3,418.09999999999997
37,15,5090.11
504,1,299.02
50,2,618.27
18,4,3811.22
9,11,4534.09
28,13,2296.72
28,21,4967.42
189,6,681.26
58,1,153.12
21,1,739.1999999999999
78,2,254.18
375,4,1232.95
681,1,21.0
59,1,1579.51
404,1,415.79
77,9,3435.86
22,5,2099.54
51,1,1193.32
73,1,704.04
56,10,6817.37
277,1,315.6
1,8,5740.98
94,3,1131.1
28,1,352.98
21,1,177.31
15,10,3781.38
14,3,1339.41
1,35,24311.2
231,1,180.1
275,7,3747.84
105,2,641.13
211,4,5164.88
22,9,6620.48
10,7,4478.53
3,3,786.46
385,2,1558.22
9,2,1270.88
56,6,3481.57
520,2,804.88
58,7,5678.16
535,2,490.0
89,4,2930.41
738,1,141.0
66,12,8283.81
32,2,921.49
238,3,1312.3700000000001
23,3,1174.58
114,1,185.9
24,3,1013.26
127,12,8304.82
129,4,1918.49
33,8,3539.3
4,2,1346.97
21,36,16955.55
154,4,1112.0
106,8,2294.65
2,1,314.44
334,4,377.75
330,2,1017.03
148,3,4160.83
10,5,601.98
423,1,261.35
16,8,6407.83
10,4,1643.18
18,1,686.05
29,1,91.68
10,1,245.1
435,1,162.0
0,20,6726.54
624,2,239.4
7,11,6070.04
324,3,313.6
393,1,1248.42
57,1,620.13
11,10,11383.03
150,3,2744.0299999999997
9,7,3760.29
605,1,2622.481
329,2,437.05
4,3,1230.02
38,4,1970.6
553,2,957.25
24,11,2843.09
554,2,395.1
41,21,34281.18
58,4,1113.02
0,4,880.81
14,45,29834.76
3,52,22950.22
3,21,11633.7
7,7,2283.63
27,6,2863.08
371,1,89.14
480,2,2138.91
113,1,4873.8099999999995
25,2,1247.61
205,1,389.01
27,7,1170.4
636,1,110.95
126,7,1703.02
69,3,1843.35
6,7,1407.1200000000001
434,2,851.91
28,3,957.59
589,1,339.75
417,1,638.11
7,4,4939.99
79,6,2446.41
19,1,219.0
70,4,1006.53
6,8,2340.84
14,14,11762.1
291,1,603.42
29,18,5117.66
14,34,30291.76
96,3,1149.02
611,2,1339.05
28,21,6723.03
0,1,848.55
8,12,14093.710000000001
105,1,343.36
3,2,1053.49
150,3,1308.91
70,1,238.25
4,2,644.95
2,30,7787.28
31,8,4013.08
84,4,997.63
3,5,725.07
4,7,2317.52
370,4,2266.76
27,11,4014.6
10,10,5679.53
70,5,1070.17
113,1,453.01
521,1,829.25
23,17,25775.71
179,1,236.26000000000002
233,4,2424.87
352,3,639.65
314,2,779.5699999999999
332,1,234.0
498,2,3710.5
371,1,155.35
77,4,2726.73
63,1,427.6
528,2,406.07
625,1,1201.52
133,2,540.13
51,11,25317.06
486,3,925.41
540,1,254.55
1,26,8898.48
0,337,53539.64
3,9,6897.36
128,1,275.88
444,1,268.27
80,1,4366.78
22,6,21429.39
235,3,3010.74
280,11,5236.26
86,1,112.08
15,13,7834.650000000001
116,7,9903.24
51,8,5020.74
455,1,347.8
457,2,782.95
7,2,1898.52
137,2,494.08
316,1,1693.88
471,6,1404.58
3,9,8918.99
375,1,949.82
450,1,168.69
238,1,1143.6
210,2,3246.45
485,1,282.3
59,1,892.47
563,1,124.25
535,1,98.7
16,7,1686.1200000000001
667,1,55.5
457,1,519.45
19,9,1775.6799999999998
37,14,6474.11
598,1,337.4
63,2,826.74
4,11,4618.24
1,6,2225.91
8,3,1763.15
363,3,1100.4
609,1,728.5
9,4,862.18
462,4,444.90000000000003
64,3,273.35
191,2,591.85
373,6,863.51
256,2,827.01
334,3,885.53
52,2,860.41
18,1,430.48
627,1,381.0
365,2,552.08
9,4,8510.93
528,1,219.35
469,3,584.25
500,1,1071.82
186,7,2416.42
392,1,1092.81
465,2,325.37
381,4,1434.95
434,4,2878.96
382,1,330.34999999999997
36,5,776.7
177,3,1755.94
534,2,534.99
260,5,1033.9
44,1,229.64000000000001
501,3,1687.8
101,1,125.92
147,2,1063.46
95,2,572.2
280,3,690.98
261,1,1542.08
457,1,540.52
2,11,2689.52
213,2,220.8
70,2,948.88
74,18,6501.5
59,1,397.12
520,2,518.63
2,12,2800.75
5,3,430.15
2,6,1018.71
336,3,385.3
37,6,6814.64
261,3,451.11
31,2,383.03000000000003
144,1,417.38
282,1,312.38
427,41,5996.83
58,15,6559.7300000000005
172,2,662.66
33,10,2975.91
2,26,9669.12
143,7,4041.97
4,40,6958.2
69,4,1917.99
65,30,6583.36
28,4,648.6
266,4,354.09000000000003
681,1,15.58
21,2,1609.0
675,1,208.0
30,6,3042.4700000000003
445,1,330.0
96,2,280.76
294,1,311.55
134,11,3907.5
78,7,2970.9700000000003
372,4,612.84
7,6,2170.78
210,6,3688.0
382,1,147.27
458,1,575.1
692,1,54.22
619,1,68.25
425,2,984.62
51,6,2792.55
137,2,299.57
25,4,3323.47
282,3,1227.35
25,13,7829.26
185,8,2043.76
681,1,337.66999999999996
374,3,1676.95
83,3,744.02
326,12,3283.96
281,3,2027.3
384,2,948.42
142,5,1356.9900000000002
57,4,4081.79
3,20,2942.14
235,2,854.99
44,3,573.22
381,2,640.13
275,1,298.0
8,2,1463.04
24,4,703.47
87,1,309.05
62,3,1175.22
67,2,1378.4
383,1,222.4
213,2,354.12
380,4,385.46000000000004
23,2,706.02
185,11,840.5
396,1,263.38
30,1,176.55
574,1,157.35
41,2,372.8
204,4,514.25
463,2,296.21
413,1,366.4
421,1,340.33000000000004
8,28,17654.54
264,1,138.68
428,1,833.5300000000001
17,2,496.06
576,2,1018.42
11,5,2919.81
395,2,508.91
175,5,1776.0
39,8,3103.19
22,13,5796.52
551,1,1651.72
2,5,1662.3
4,13,6283.24
400,1,223.98
148,4,975.1
138,7,4479.73
127,6,4359.2
625,1,10953.5
7,6,1335.19
16,4,486.64
8,74,35233.24
160,1,405.38
63,3,770.42
87,12,2469.4
4,3,729.3299999999999
410,4,1523.97
394,1,197.31
34,12,4304.89
311,1,117.85
77,2,415.8
21,57,92347.34
538,8,1698.56
23,8,1636.6299999999999
736,1,181.65
1,15,4243.86
16,4,1063.9
14,9,3097.61
25,1,114.14
63,20,25264.8
54,2,899.69
723,1,377.49
130,3,675.6
557,2,496.5
35,2,604.51
287,2,900.11
436,1,324.45
143,6,1603.99
15,9,2317.43
30,22,15526.7
1,3,1843.0
8,15,3213.7200000000003
5,4,1387.79
9,2,828.8100000000001
638,1,162.45
0,11,4757.16
305,4,521.89
9,13,8706.97
399,2,467.34
483,1,150.95
413,4,1322.0700000000002
378,1,211.99
6,2,266.39
7,12,3235.79
436,1,132.24
88,1,769.8100000000001
9,1,160.18
357,3,2938.52
111,1,135.95
602,1,122.45
6,10,1453.6
3,116,15704.6
413,4,1161.2
413,1,385.55
197,2,408.95
436,6,2100.09
211,8,3156.38
155,4,513.88
384,5,2502.82
728,1,517.7
157,21,16245.78
29,2,372.21999999999997
242,8,2744.81
597,1,490.08
18,1,97.5
0,2,1239.38
428,10,2729.84
73,5,1312.21
291,1,505.82
2,33,13551.75
30,7,955.5
22,3,764.82
724,1,93.35
22,8,1259.6299999999999
3,3,974.42
84,1,211.32
375,1,355.5
21,8,2110.91
492,3,920.08
195,3,455.88
106,4,1032.5
3,33,24042.65
317,3,414.13
105,3,149.05
11,36,11650.85
173,4,999.68
55,1,81.57
579,1,175.25
322,3,612.13
672,1,234.0
373,2,330.12
371,1,50.550000000000004
8,11,2957.83
0,29,11097.43
10,11,5381.08
52,11,6579.78
72,3,789.89
6,1,204.0
15,35,9763.16
378,6,1229.95
562,2,618.96
3,17,4887.24
429,1,65.3
63,3,1449.03
470,2,555.87
731,1,323.39
0,9,1733.08
113,19,17239.2
22,2,661.3199999999999
30,5,1927.3
10,2,752.4399999999999
406,5,3292.84
51,9,2815.96
356,2,220.55
54,3,756.8199999999999
73,3,1364.2
684,1,307.1
137,12,3914.95
79,3,908.46
583,4,1010.73
8,2,676.99
450,4,799.13
597,3,1488.59
272,1,516.42
290,11,4848.05
98,3,808.92
30,3,949.25
31,24,8428.53
13,9,4049.13
63,4,1408.24
14,35,11986.52
578,2,155.8
211,7,3119.33
621,1,127.65
77,4,2321.11
550,1,209.48
529,3,709.59
24,3,271.40000000000003
249,10,2291.77
253,1,307.53000000000003
71,1,248.61
190,1,346.98
480,1,188.4
12,6,1666.84
372,5,1055.05
23,2,470.8
81,3,508.51
9,2,344.0
0,38,9284.45
191,4,751.7
611,1,129.22
266,1,177.15
410,2,418.08
510,4,1378.74
129,1,919.61
457,1,135.4
0,11,2740.65
2,57,29018.06
3,6,419.18
178,4,280.73
11,28,56838.37
125,21,7335.75
3,3,395.43
491,1,122.39999999999999
157,8,2433.28
382,1,439.33000000000004
725,1,313.64
416,1,236.11
2,203,113416.91
8,24,13091.74
27,3,2321.82
70,12,2140.28
275,55,54144.25
20,13,2209.44
70,1,74.39999999999999
393,1,419.7000000000001
32,28,13324.1
0,28,28882.44
98,1,207.36
233,4,695.4
0,37,11380.1
39,3,709.64
2,9,1709.1
435,1,72.0
132,2,603.46
43,9,5253.07
372,2,748.4599999999999
59,3,1134.03
30,12,2957.4700000000003
718,1,321.88000000000005
540,1,20.599999999999998
0,37,18230.07
730,1,234.38
11,10,5494.7
137,1,501.14
21,18,2255.66
19,9,2415.41
668,1,134.9
238,1,30.6
268,1,283.73
93,2,922.39
472,2,506.75
89,4,4641.66
523,1,148.62
4,13,3774.81
77,1,259.17
630,1,263.5
451,2,233.25
93,1,64.0
22,7,3313.77
261,1,77.3
273,3,200.45
85,6,2475.23
196,2,3371.45
55,13,6274.56
10,16,7586.94
21,7,1274.01
15,8,8202.98
107,5,1054.92
84,17,7656.08
18,1,307.09000000000003
584,1,405.1
332,2,135.35
39,7,1128.52
25,1,228.91
9,4,712.8
28,26,8497.82
13,4,1676.06
483,3,449.96999999999997
295,3,2465.21
416,7,2146.38
5,1,486.22
398,3,1624.84
32,6,1370.48
384,3,1586.54
48,9,5687.36
94,5,1508.18
8,4,1429.35
21,1,91.8
312,2,472.13
121,16,9275.49
609,1,17.65
568,2,372.2
45,3,1451.1599999999999
282,2,875.93
18,5,1125.15
35,5,1840.73
63,3,840.08
26,1,108.81
21,3,468.41
399,1,69.6
3,11,2399.82
15,12,7995.36
581,2,831.45
45,1,481.49
64,2,512.2
25,21,14059.19
618,1,572.3100000000001
606,1,86.10000000000001
380,1,359.69
44,1,121.18
7,15,7036.18
14,10,1668.95
267,1,71.4
39,3,1575.89
336,4,341.36
10,1,114.6
18,2,260.68
543,3,570.66
657,1,164.69
94,6,2558.58
60,1,112.08
135,2,472.78
413,1,136.73
10,7,3068.84
609,1,373.01000000000005
9,8,4974.2300000000005
3,67,15964.210000000001
18,4,870.09
501,4,1233.06
393,7,1580.3
9,10,2648.25
730,1,966.6600000000001
442,1,2803.2
399,13,8308.19
14,4,535.86
58,9,1976.3
29,13,8509.51
93,1,353.48
9,10,2618.77
19,3,786.83
56,11,3851.52
417,7,3264.23
401,1,81.6
267,1,333.74
121,4,666.48
126,1,62.63999999999999
617,1,76.23
77,5,1336.09
239,2,847.41
576,1,88.5
199,6,969.12
59,2,2155.95
2,16,16260.07
272,2,312.46
201,1,257.7
80,1,358.0
225,1,160.95
3,30,6120.01
12,7,1328.35
73,4,1176.46
672,2,346.5
211,1,1031.07
24,2,744.85
387,1,643.0
16,6,1006.63
261,5,1594.69
95,8,1475.79
411,1,112.53
111,7,699.4
202,5,1220.38
92,1,121.74000000000001
50,2,989.22
17,11,3351.75
17,4,501.12
124,2,465.68
91,9,1608.9299999999998
460,2,253.09
401,1,252.68
393,2,399.3
156,4,2951.11
375,1,51.41
8,3,678.76
13,1,0.0
435,1,149.75
11,5,1009.43
61,9,1402.54
60,1,557.62
268,2,944.1
262,3,573.45
0,39,8676.2
442,1,722.5600000000001
52,5,2092.66
10,19,6135.04
2,36,9429.81
17,11,3174.75
0,28,8537.32
365,1,590.0
36,1,211.49
30,2,276.56
112,1,138.98
408,1,360.85
383,2,238.86
63,5,1891.91
15,7,523.3
40,4,1435.85
77,1,137.75
121,7,2293.33
438,1,350.85
17,4,1313.19
59,4,373.36
330,1,201.19
22,6,3364.59
599,1,734.91
602,3,781.59
442,5,927.61
723,1,307.95
437,1,208.63
155,11,3270.79
38,5,994.51
391,6,1192.94
189,3,1689.53
359,4,1101.97
136,6,792.51
7,7,4368.62
0,1,360.0
267,3,1218.7
168,3,1285.51
103,4,618.09
154,2,159.2
399,1,61.72
350,4,1217.99
3,16,3616.41
429,1,53.65
119,3,273.34
22,4,1670.3700000000001
6,6,1706.37
27,5,1541.2
3,2,598.57
450,1,124.75
21,12,3445.32
1,3,775.94
688,1,310.26000000000005
36,10,12940.82
65,19,6486.091
0,3,640.76
4,58,21323.22
77,6,2211.6
71,2,567.36
16,1,199.48000000000002
2,5,787.85
35,18,10513.47
81,1,675.3
431,1,281.76
38,20,9134.48
315,1,1308.48
31,8,4808.7699999999995
92,6,2796.1
401,1,262.4
13,1,350.9
410,3,1015.74
81,5,6201.8
76,1,795.12
545,1,1575.26
157,4,2445.62
200,1,860.12
44,12,22100.56
260,1,775.85
177,1,353.43
67,3,2511.69
287,1,389.5
462,6,299.4
69,1,341.35999999999996
63,1,233.76000000000002
10,1,247.32
15,2,979.12
65,1,373.94
59,1,397.97999999999996
70,1,743.53
121,1,674.7
79,1,768.24
256,5,3805.51
268,1,439.03
63,2,1043.31
431,4,1553.65
471,2,1450.5
8,7,5394.07
17,3,1723.8600000000001
70,1,134.96
33,2,2225.37
49,1,56.16
431,1,510.2
256,4,1121.5
365,1,308.28000000000003
371,1,754.87
504,2,2297.66
89,1,378.64
60,6,7587.19
414,2,422.8
88,2,1792.23
98,3,1019.76
396,2,1552.88
25,3,572.56
432,1,62.4
31,12,8224.37
280,5,1387.58
543,1,305.28000000000003
30,11,6680.83
329,1,534.57
413,2,835.46
416,1,186.94
130,3,1185.65
10,3,797.96
74,1,544.08
203,1,59.8
676,1,91.14
583,4,1131.45
1,19,6621.7
184,3,1180.23
28,2,1360.99
72,10,3191.87
191,2,670.34
463,3,275.4
582,1,310.83
126,4,1226.85
17,3,229.5
0,2,252.49
73,6,1213.811
426,2,568.92
578,3,2244.7
1,106,50174.782
23,9,2201.96
106,1,213.55
619,1,487.35
639,6,429.44
133,6,2494.14
472,4,784.17
43,3,940.8000000000001
4,6,1669.49
11,31,11559.66
63,1,221.06
149,2,159.85
39,8,4058.75
63,1,2626.3
428,1,217.03
449,1,572.77
107,5,3390.4300000000003
0,22,8167.38
18,6,1006.53
9,3,478.54
10,4,1006.8
18,2,679.4499999999999
66,8,3316.2400000000002
570,2,439.1
500,4,658.32
73,5,1666.8600000000001
4,9,4447.33
1,1,196.89
13,7,3408.06
546,1,46.5
254,3,986.61
422,7,1295.25
91,2,720.9
666,3,419.87
448,6,1273.16
373,2,619.08
625,1,241.89999999999998
429,11,3881.89
22,3,1129.14
16,13,8745.93
23,1,291.88
26,13,4120.04
25,11,7090.06
258,3,729.8
165,3,781.6899999999999
640,1,219.87
24,6,2212.9900000000002
17,6,1766.72
688,2,148.22
6,16,11959.27
624,2,1160.4099999999999
28,2,183.44
38,6,4160.0
252,5,1153.8500000000001
57,6,3097.64
445,2,931.12
183,5,1013.35
10,2,1071.91
1,72,12793.28
652,1,82.4
98,2,165.0
0,4,2501.84
463,2,592.24
60,8,2657.76
235,3,646.59
190,4,1431.78
178,5,2061.47
37,11,2819.17
468,5,2215.78
200,4,851.37
416,2,627.82
45,11,3830.84
231,2,336.09
65,1,140.34
240,3,790.72
232,11,3019.2200000000003
77,3,1122.41
57,5,846.87
16,23,14205.96
104,4,449.52
653,1,154.25
51,27,4467.66
135,3,1269.84
274,2,618.63
311,1,316.26000000000005
7,10,4863.31
10,2,653.33
282,6,1166.83
729,1,327.38
17,5,1159.1100000000001
22,4,1466.3
287,3,2885.11
16,5,780.5
70,6,1859.24
63,1,295.93
72,4,4393.63
315,5,1338.08
2,4,2479.16
243,2,287.05
8,8,1114.72
0,11,4558.29
676,1,282.76
260,4,713.39
126,3,824.59
73,4,815.9000000000001
72,6,1265.82
20,4,1685.26
59,3,2128.42
85,1,627.16
77,2,343.21
58,11,6606.0
0,3,1071.73
29,1,125.80000000000001
32,6,4534.57
40,5,680.1800000000001
14,2,628.78
737,2,1182.0
33,12,4541.29
78,2,307.76
633,1,402.98
204,6,1433.07
33,1,210.31
182,3,269.09
1,35,7720.9
402,1,89.5
0,7,3444.39
425,2,717.85
42,12,3103.13
85,7,1569.36
466,3,632.39
426,2,785.25
376,17,3959.4900000000002
633,2,1439.61
39,6,790.2
390,2,364.93
11,5,1086.24
407,1,167.08
95,3,901.44
25,8,1005.8000000000001
382,1,342.55
318,2,244.2
65,22,6948.92
674,1,499.6
379,7,1629.35
73,13,8891.84
428,2,200.82
27,13,3032.26
5,4,594.52
512,2,990.0
6,1,171.42000000000002
215,11,1803.4
81,8,4838.18
83,2,777.53
143,37,16498.97
18,3,414.8
40,5,1688.6
427,4,1079.29
172,1,187.05
16,4,726.54
242,1,239.49
12,26,4537.26
205,1,1384.25
49,6,904.52
410,1,404.45
22,5,732.0699999999999
9,28,11202.59
24,11,3489.28
408,1,147.66
14,5,1374.34
405,1,107.75
308,2,280.53000000000003
389,2,241.68
155,2,1445.031
306,3,385.7
530,3,684.54
540,1,127.28
63,4,1673.5
15,9,2478.95
14,6,1120.74
10,18,6336.04
64,7,2093.94
35,4,247.95999999999998
107,14,5493.29
52,2,533.32
516,3,784.48
5,2,664.11
399,2,396.71
46,5,761.96
0,33,9811.04
311,2,518.42
44,4,1159.99
64,4,1025.17
25,1,164.34
658,1,717.62
386,2,522.67
28,3,276.75
39,2,1075.81
540,1,232.05
592,1,167.35
11,14,2103.71
88,10,3297.9300000000003
632,1,818.29
452,5,1039.8500000000001
23,6,2332.74
318,8,6272.53
567,2,283.85
39,8,1278.75
173,1,177.34
544,2,224.94
527,1,112.34
116,1,213.85
695,1,658.95
30,10,2533.06
387,1,462.08
596,1,301.26
252,2,707.04
58,7,2245.9
675,1,310.14
22,19,13370.86
4,7,2031.78
99,11,3070.42
24,8,3645.81
32,16,5033.77
67,4,2999.16
36,5,949.12
51,3,804.3
15,1,122.64
73,2,1346.27
610,1,405.0
640,5,1016.47
215,4,472.2
30,10,2156.77
15,4,2624.26
119,1,252.1
399,2,326.25
9,8,3041.68
399,8,1764.02
256,6,1453.68
16,10,3288.0
34,3,226.85
45,5,2262.05
487,1,152.2
42,11,6308.0
113,6,2280.51
164,4,1078.85
10,2,382.14
9,9,6025.5
205,12,4884.68
399,1,306.64
602,1,325.24
85,11,2233.61
178,5,2047.51
385,3,1711.6599999999999
59,5,127.9
148,1,299.05
2,35,12948.48
50,3,413.55
74,1,349.7
394,1,172.6
300,3,419.92
18,2,387.44
432,1,240.68
150,2,486.82000000000005
538,2,243.9
404,2,551.24
151,1,232.6
493,3,281.26
0,12,11419.67
17,4,827.83
186,1,59.5
457,1,258.6
285,4,594.88
2,7,3119.44
182,3,409.04
437,1,11880.84
634,1,375.5
62,2,1259.5
58,1,172.25
395,1,212.78
24,5,3114.4
373,9,2011.82
3,143,195640.69
30,16,2770.73
421,3,2020.4
38,1,151.29999999999998
596,2,451.73
154,2,764.15
25,13,2596.97
446,1,161.0
445,1,135.18
317,2,425.56
4,9,2308.06
7,7,1717.19
302,2,631.17
266,5,3365.86
270,1,285.33
3,18,7571.35
31,3,509.52
218,9,1792.26
246,2,766.42
407,3,740.76
464,1,161.35
280,17,8153.04
268,1,138.28
31,8,1763.3
245,2,306.55
14,11,2783.08
116,4,799.9
35,2,741.54
131,10,5635.41
216,6,1194.08
636,1,213.01
49,8,1980.56
38,2,1079.66
28,8,1074.15
36,16,2855.17
435,3,724.73
135,2,752.6
218,2,610.59
27,1,491.86
410,2,487.03000000000003
508,4,6695.6900000000005
24,13,9762.77
4,7,2752.47
199,1,339.59999999999997
395,1,434.78000000000003
17,2,292.2
240,5,1582.77
71,3,668.4300000000001
16,12,3107.87
2,7,1341.6
94,2,1080.52
161,2,777.36
413,1,176.69
373,2,169.79999999999998
95,9,2064.35
53,11,3602.18
287,1,296.25
123,7,1579.83
287,4,2094.57
151,3,447.05
3,9,2108.06
1,23,8655.95
674,1,195.55
11,15,8698.13
32,2,659.4100000000001
53,5,1363.6399999999999
49,6,1952.17
218,5,2472.48
62,3,5217.44
70,6,2919.62
652,1,352.821
494,1,190.35
1,73,33903.57
726,2,875.97
1,20,5478.12
421,4,785.37
63,9,5728.82
33,8,3100.02
396,2,301.54
81,1,345.0
590,1,1049.66
427,2,623.98
0,61,49638.26
102,4,1124.49
515,1,161.13
6,3,732.07
250,3,778.83
12,13,1786.08
487,4,1542.09
9,14,2910.23
428,4,542.49
366,6,3127.99
75,6,1222.5
504,1,3.75
387,1,239.45999999999998
3,1,348.79999999999995
127,2,1516.0
65,3,383.95
646,1,96.0
546,1,126.03
387,4,836.3
498,1,289.7
436,3,1179.45
0,110,75428.87
116,9,2803.57
309,3,1679.56
66,1,324.8
138,19,26259.11
254,3,1338.91
30,9,3161.12
51,2,924.5999999999999
63,1,256.38
366,3,422.2
5,5,1747.66
304,3,679.6999999999999
28,3,1499.01
183,3,814.5
41,3,539.0
39,8,2765.4700000000003
91,3,2257.32
21,8,7475.74
23,2,571.67
28,2,382.98
429,1,61.28
301,6,2642.35
417,3,652.75
144,6,1379.08
5,2,632.0
18,7,3403.4500000000003
32,12,3314.76
621,2,255.59
175,1,189.5
57,3,409.8
21,1,209.49
420,1,102.0
581,1,156.85000000000002
15,18,6585.54
18,2,609.89
158,2,700.41
576,2,324.19
24,7,1095.27
398,2,620.37
211,2,266.59000000000003
5,10,1690.07
485,1,139.95000000000002
415,1,651.4
252,1,85.0
58,18,5319.34
380,1,319.75
10,1,361.62
64,1,312.98
24,4,1307.79
719,1,310.72
91,8,3015.0
51,5,3469.3
128,1,1595.48
95,8,4606.46
610,1,187.35000000000002
56,1,1090.1399999999999
8,39,11944.56
500,4,1310.34
168,11,1142.03
392,6,1001.01
56,1,216.17000000000002
325,2,515.86
0,5,1245.9
428,2,273.26
17,9,2556.09
247,4,1239.55
386,1,662.4000000000001
57,4,501.56
73,1,145.67
30,3,1005.09
6,2,3192.54
122,10,7996.87
1,15,5712.08
22,17,7885.85
526,3,919.57
119,8,1038.92
357,7,2049.15
53,14,4814.37
63,1,122.7
85,3,449.68
54,4,2416.9
645,1,395.5
20,17,4293.86
3,43,45179.1
2,5,1191.13
10,15,6560.02
6,10,1825.03
188,2,506.8
70,1,243.56
203,1,349.55
119,7,2001.59
92,6,1991.23
0,14,2927.38
377,3,859.21
26,6,1267.6499999999999
297,1,821.1
23,3,564.62
27,6,4008.52
625,1,388.55
49,3,1160.72
325,2,686.4
15,2,388.52
182,6,1610.5900000000001
71,15,5676.34
631,5,34095.26
399,1,165.45000000000002
36,2,332.64
732,1,312.65
408,1,42.0
691,1,136.8
79,4,2369.55
422,2,282.85
56,20,4234.99
423,1,124.95
506,1,42.22
11,2,626.45
393,1,70.80000000000001
463,4,1275.81
49,2,272.04
49,2,1212.8400000000001
58,4,1360.68
431,4,1774.68
401,4,730.7
351,3,865.2
53,1,351.13
1,6,1838.8500000000001
92,4,678.25
22,1,223.85000000000002
74,2,708.26
10,4,464.57
168,11,3494.1
57,2,337.34
95,11,5257.38
294,1,307.4
108,2,608.79
263,1,922.1
596,3,6116.92
179,3,939.66
168,2,880.13
34,1,71.66
22,7,1560.96
16,4,839.14
21,15,10027.18
534,1,320.0
577,1,246.54
652,1,200.43
394,2,854.15
78,6,1876.23
64,1,90.6
360,4,548.76
2,6,2427.32
10,4,745.06
175,3,674.45
217,14,12823.521
6,12,6640.68
1,2,439.92
153,3,544.0699999999999
4,5,1019.27
417,3,458.25
379,8,4709.2300000000005
78,6,1064.77
20,2,230.22
391,1,538.4
21,3,362.8
307,17,2860.57
386,2,438.9
476,3,996.61
434,1,384.26
145,2,166.3
422,1,123.66
6,35,12973.460000000001
385,2,846.55
18,14,4667.57
70,2,190.25
286,1,264.7
48,2,677.72
30,12,5256.4
206,4,1192.3600000000001
410,1,519.8100000000001
14,2,196.79
72,7,3379.93
59,5,768.8199999999999
415,1,331.14
38,9,3954.29
29,21,6753.89
26,12,1893.8
3,22,10020.86
16,1,320.46
379,2,682.54
19,8,4757.8
65,5,2026.06
212,1,311.3
11,6,852.88
29,3,219.5
42,19,6775.71
3,6,2274.14
14,14,3902.01
385,2,895.76
518,3,376.46
446,3,566.7
9,29,9502.26
210,5,2046.34
45,9,4228.85
133,2,529.73
732,1,209.41
42,11,6258.45
9,5,2874.72
115,7,2196.67
512,1,79.48
431,1,509.04
197,3,1099.91
564,2,445.15
479,2,457.82
277,1,328.8
109,5,1084.57
76,3,1948.21
52,1,917.34
161,11,11403.41
570,1,229.75
644,1,367.15
46,3,1421.61
16,4,1249.01
154,7,1716.58
224,2,792.15
6,2,584.07
121,3,645.74
464,8,4057.9
470,2,713.11
60,1,104.82
549,3,10396.5
62,2,467.66
17,20,7521.8
6,44,39019.51
1,16,4546.41
554,1,109.44
21,3,648.89
28,9,2794.75
284,1,626.65
175,6,836.95
77,5,3069.88
32,2,267.28000000000003
40,35,12523.81
265,1,141.41
724,1,431.98
490,2,302.59999999999997
26,10,3077.7
108,16,10986.63
283,1,154.99
8,14,3968.11
304,3,748.69
16,13,13023.4
31,2,746.36
0,37,21770.98
19,2,466.66
123,4,572.3
64,1,92.46000000000001
105,3,1520.96
0,23,8152.71
23,22,8346.66
462,2,469.19
266,1,183.6
4,30,8898.24
506,3,917.4300000000001
9,24,25585.65
437,9,22710.2
28,15,3260.24
388,3,891.02
266,1,152.55
63,2,374.7
319,4,1516.72
514,2,225.81
684,1,321.6
3,8,1437.57
666,1,390.85
31,1,151.04
622,1,219.4
4,6,1734.87
128,1,118.67
40,6,615.08
101,9,1553.47
124,2,618.73
32,5,1115.68
301,10,4867.57
364,2,413.36
3,11,1082.19
511,1,150.5
1,33,9720.67
462,1,39.95
2,3,829.47
9,16,64036.8
56,1,158.75
324,1,76.32000000000001
653,2,9530.08
7,24,7229.45
11,1,433.86
439,1,311.77
722,1,2.95
3,17,65164.79
480,2,422.86
36,1,147.35
15,20,5750.91
137,1,191.95
73,13,9961.93
4,5,1105.8799999999999
664,1,0.0
154,5,743.53
238,5,5988.83
736,1,214.8
51,11,4877.3
30,4,1044.96
72,1,144.2
3,33,12987.95
13,4,692.85
22,13,5834.59
3,16,7092.610000000001
273,7,1364.09
501,2,622.67
19,5,1382.74
143,1,90.0
428,1,458.45
375,2,183.37
3,4,2780.15
405,3,362.42
732,1,436.18
83,1,419.58
10,3,2720.63
7,4,1172.46
122,6,1900.0800000000002
60,3,924.21
1,9,2591.34
318,4,1858.77
648,1,168.22
1,11,3586.0299999999997
129,4,911.14
382,15,11123.35
1,24,8839.67
400,5,1570.81
695,1,332.7
1,2,965.88
45,4,1086.8
3,2,935.05
2,4,915.13
372,2,671.34
133,1,115.8
485,1,30.6
46,7,7600.05
8,12,9450.3
77,9,2590.2
233,2,466.29
220,1,446.62
35,2,658.64
672,2,679.45
74,7,1997.34
482,1,233.39999999999998
238,8,6460.7
265,1,118.75
9,156,313437.62
19,5,978.69
39,1,507.65999999999997
19,20,7860.8
609,7,8421.47
215,7,2996.93
173,2,289.36
86,5,2594.62
70,2,1631.77
275,1,120.44
504,2,251.15
38,8,1274.29
420,2,370.45
430,2,621.51
374,3,570.18
97,2,498.79
604,3,369.02
10,6,586.0
32,1,134.46
59,8,7678.88
296,5,756.46
85,13,2209.69
8,7,1600.26
40,2,701.57
10,33,6117.5
410,2,308.35
443,4,678.77
410,2,278.34000000000003
66,1,452.89
330,1,197.65
426,5,1550.6299999999999
473,1,123.5
30,6,2054.36
1,16,5503.15
665,1,79.9
1,15,4817.66
387,1,293.74
67,3,1210.19
4,36,18670.59
201,6,2615.6
106,1,335.52
410,1,390.05
17,9,1569.73
217,4,1091.7
616,1,379.2
59,10,1193.54
380,3,847.76
396,1,339.34
1,4,1024.83
16,9,2414.2
238,3,1185.01
687,1,157.8
94,2,567.05
10,15,4993.27
105,16,5556.570000000001
52,18,4402.29
89,2,2190.14
404,1,1192.2
30,5,1004.38
11,9,3250.33
2,5,2150.04
1,23,3298.59
42,1,169.48000000000002
3,3,633.83
246,4,1515.0
41,17,6517.49
176,1,683.17
91,3,991.13
109,9,1841.71
434,4,2031.07
28,6,2985.13
25,15,6368.71
437,3,745.5
51,7,2594.04
435,3,979.8000000000001
183,4,1235.6200000000001
42,5,2048.07
48,7,2904.27
21,4,754.12
74,9,4717.99
80,5,1555.34
372,2,471.14
325,3,434.23
42,21,4263.17
29,3,1247.49
183,2,333.7
234,2,280.55
8,17,7217.75
660,1,366.41999999999996
219,2,1693.45
110,3,1474.06
277,5,753.56
317,3,1032.95
410,12,5400.461
6,3,1904.05
1,5,2879.7000000000003
380,1,350.99
492,2,363.40000000000003
432,1,601.03
545,1,1000.63
259,5,2460.79
63,9,5954.45
8,25,32051.34
141,1,120.0
470,3,824.28
50,2,1163.45
7,8,2618.23
422,1,322.93
154,6,1517.3600000000001
108,4,1373.35
427,1,40.56
162,3,1516.24
470,1,354.85
438,1,295.73
331,1,492.65000000000003
225,2,214.18
73,4,920.81
50,4,559.97
685,1,256.6
395,6,1189.3799999999999
98,7,2102.68
14,9,17197.61
409,1,205.83
520,2,191.86
196,1,134.04
407,1,245.15
2,25,7250.76
462,4,628.4399999999999
30,3,1299.65
20,8,3284.42
23,7,8479.76
7,3,176.63
212,1,426.6
8,6,911.26
10,8,4516.56
1,23,7904.099999999999
7,16,9226.25
2,9,2903.01
406,1,375.34000000000003
39,5,2362.91
420,2,456.4
17,4,1305.33
7,82,91194.49
7,27,14070.25
18,1,43.2
116,4,1992.18
430,3,742.9000000000001
406,2,277.94
222,3,1725.01
70,3,1858.96
50,6,3151.4
88,10,4287.92
548,2,1147.02
7,11,3780.81
432,1,492.1
242,2,516.45
46,11,3090.29
106,2,229.79999999999998
44,8,3197.82
421,5,1370.34
64,1,508.58
459,1,158.02
423,1,494.85
206,5,1346.75
10,7,2218.06
428,4,474.1
114,2,605.0600000000001
409,2,701.61
569,1,245.48000000000002
241,3,940.98
162,6,1894.93
437,1,445.05
16,15,9887.62
623,1,200.63
123,2,462.65999999999997
22,5,1917.41
67,1,415.2
16,12,4318.48
15,2,454.86
16,4,1614.91
160,3,928.1
242,2,620.27
218,1,134.7
44,18,4452.02
20,6,918.44
420,4,1079.66
126,20,2993.05
38,1,108.97999999999999
120,5,2315.75
736,1,82.60000000000001
259,1,409.57
9,1,133.5
273,3,972.03
164,1,51.0
156,4,1078.96
214,3,376.5
5,2,163.62
365,3,840.05
79,2,701.23
42,1,225.12
388,2,400.06
18,3,912.18
31,4,2118.03
578,1,214.70999999999998
21,1,151.5
401,2,227.47000000000003
108,8,3717.35
394,2,634.68
524,1,136.0
7,16,9227.82
319,1,155.0
641,2,469.13
450,6,1175.78
294,1,100.5
442,2,860.08
357,1,76.55
540,1,108.0
184,3,1106.82
682,1,215.46
190,2,617.05
621,1,131.25
43,4,1265.16
681,1,48.96
51,2,625.94
25,2,1193.63
37,3,1247.69
500,1,58.5
8,3,202.10999999999999
296,1,142.4
32,3,1727.6
9,16,6388.2
64,5,1898.01
9,13,6150.03
576,1,135.6
431,1,266.4
217,1,67.95
564,1,93.8
1,20,7801.93
64,7,1969.38
2,19,2612.96
400,2,707.79
393,8,2108.21
148,3,1732.47
3,22,6795.9
651,1,285.6
129,6,1880.51
33,13,2724.13
386,1,195.0
118,1,156.75
106,6,2157.73
10,11,4102.27
70,9,3427.29
91,11,2631.9
310,1,1063.0
42,3,1426.19
361,4,764.52
91,8,2399.33
0,23,11980.09
21,2,490.22
387,1,524.65
3,3,1937.25
10,7,1254.64
98,4,1639.17
56,6,2469.37
0,19,10271.52
217,3,916.61
17,1,322.08
434,3,661.39
23,17,11727.94
49,4,1263.52
6,5,1224.06
403,1,516.28
511,3,1220.9
302,4,2614.2
9,6,2248.5
465,1,280.7
21,6,1372.8
501,1,90.42
98,2,271.7
365,5,873.34
305,1,131.9
319,5,9443.04
7,13,5982.03
0,11,4611.6900000000005
204,7,5367.02
53,5,2082.97
455,1,120.44
455,1,221.65
0,5,1200.28
18,6,1711.73
8,2,375.35
18,8,2230.96
180,7,1128.44
59,12,3258.68
10,4,658.95
189,1,119.93
375,5,977.3000000000001
431,4,617.72
4,9,3017.28
310,1,113.64
380,1,228.07
154,2,5375.741
109,9,1093.5
147,13,6676.91
65,12,2242.81
97,4,786.5699999999999
567,2,111.0
246,11,3925.85
28,13,4267.15
17,12,2203.2400000000002
733,1,204.24
415,4,2093.46
11,3,712.04
590,2,400.95
103,9,2118.72
73,2,234.34
45,2,1258.89
71,4,1151.15
256,1,193.0
19,7,1969.6
381,4,1276.66
253,4,1124.71
10,4,1299.52
164,5,2284.69
17,12,4306.72
281,2,257.1
49,4,1070.98
38,1,162.8
511,2,175.5
26,7,1266.27
67,1,1064.28
206,4,1574.93
405,2,1273.47
174,2,340.93
429,7,1921.91
6,10,5087.86
25,3,401.46
50,3,174.8
311,7,2363.89
308,2,697.0600000000001
42,10,3900.83
25,7,2101.79
87,3,356.85
183,2,251.21
19,11,2429.83
2,6,3543.26
46,4,673.26
16,19,11879.08
16,7,2960.25
23,11,3216.7400000000002
21,5,822.92
533,1,110.95
375,3,979.85
10,5,1314.81
187,7,1215.97
100,6,788.01
60,9,4380.04
17,12,3724.06
515,1,151.17
32,2,330.45
63,1,174.37
683,2,203.14
1,2,270.6
490,1,199.45000000000002
23,8,1748.42
107,1,241.09
31,13,2909.86
19,17,8026.54
388,1,258.65
2,122,27246.88
36,1,364.21999999999997
59,3,578.61
25,16,6088.87
479,1,376.34
235,11,3845.78
24,11,3466.37
2,26,6187.66
59,9,5973.2300000000005
259,1,170.95
57,2,641.4
64,5,1370.8400000000001
15,2,537.48
9,11,3709.64
58,14,2491.38
185,1,103.25
28,39,14587.87
23,3,2938.53
673,1,349.25
4,11,5184.84
3,8,3974.75
150,9,2541.29
310,4,913.6
10,4,1345.06
17,7,878.09
151,3,507.93
18,9,1818.6
9,4,2279.4900000000002
56,6,2304.03
595,3,815.69
84,1,788.38
653,3,655.5
389,1,75.6
6,44,6114.03
75,3,1080.76
3,26,6638.150000000001
509,2,640.54
434,2,2605.62
95,5,3859.2200000000003
110,4,4092.0
56,2,1530.3600000000001
434,1,919.7
0,4,597.33
280,3,613.75
424,1,160.0
2,11,5526.88
179,13,2163.12
732,1,143.70000000000002
487,1,420.22
371,1,35.400000000000006
12,7,1364.15
2,1,168.63
431,1,105.56
517,1,14.85
16,2,409.65
40,1,114.11
5,8,1660.29
168,8,1738.16
49,5,1143.27
276,1,237.35999999999999
18,9,1580.29
577,1,135.39
371,1,39.75
424,20,2993.37
14,4,1320.21
34,3,557.94
21,12,3665.53
6,2,363.33
19,8,2164.45
626,1,222.22
10,6,2184.63
43,2,384.04
389,2,457.89
305,2,865.17
10,1,213.96
655,1,205.36
274,1,660.0
632,1,143.85999999999999
373,4,921.5600000000001
0,192,29951.37
15,22,23763.13
3,11,3352.94
71,10,1486.2
395,2,24.35
443,2,604.3299999999999
414,1,877.7
679,1,76.32000000000001
385,1,295.13
393,5,951.76
242,5,527.78
402,2,190.47
8,7,1342.32
245,2,1291.24
205,2,412.78000000000003
0,9,3000.57
184,1,320.58000000000004
31,10,2016.98
56,6,814.0699999999999
195,11,4497.88
23,11,5410.92
378,1,462.75
90,5,1998.0
3,2,955.26
483,1,338.65
50,6,2025.69
262,1,114.56
265,1,344.90000000000003
437,4,2124.46
453,1,215.22
35,2,609.85
676,1,106.67999999999999
50,1,443.6
51,9,4978.96
23,10,3649.36
21,1,110.46
58,1,96.12
169,5,1679.89
67,7,2247.72
156,3,876.89
1,152,528602.52
200,2,506.04
415,15,4466.65
4,9,3651.19
588,1,62.5
66,9,2025.52
76,1,114.18
0,12,3593.06
737,1,246.86
7,7,3878.51
168,5,790.0
17,6,1450.19
4,2,247.15
8,9,2529.93
86,2,285.74
26,1,107.95
28,7,1376.43
429,2,490.6
19,2,636.24
60,7,2749.65
23,1,195.25
10,54,20395.34
444,1,111.63
241,7,3216.78
279,3,583.33
548,2,1127.45
234,4,1113.14
2,7,3037.32
508,1,173.66
15,2,1015.58
30,12,8356.79
592,1,184.91
578,1,403.39
381,3,1289.44
24,58,55688.5
70,6,875.1500000000001
187,6,1514.81
587,1,146.56
25,6,1430.03
575,8,4536.64
413,5,852.53
106,3,1402.06
7,28,7190.42
208,1,112.80000000000001
43,4,777.6800000000001
30,5,2114.33
136,12,1715.1399999999999
264,7,1165.3600000000001
616,1,244.31
518,3,1534.22
3,8,2473.28
217,2,188.61
1,5,1217.27
213,4,702.6
31,5,3076.06
10,15,4487.11
0,29,6368.78
14,1,318.17
10,11,1752.92
198,1,179.0
618,1,367.54
435,2,139.2
2,5,1793.22
14,25,8886.33
13,13,1899.79
9,11,2839.62
28,4,1328.0700000000002
8,21,5115.76
23,4,906.24
24,8,1825.45
42,3,543.28
732,1,81.3
409,1,226.42
1,5,1581.84
5,3,663.81
378,1,109.07
146,3,489.52
9,11,1803.06
589,1,341.9
24,4,1252.74
654,1,116.5
273,3,463.72999999999996
412,1,190.58
373,3,586.24
0,8,1897.57
46,3,380.02
7,19,5517.07
15,15,14335.15
425,4,1056.42
3,56,12240.16
484,2,374.05
3,4,3554.17
42,9,1821.9
3,25,11573.62
196,11,4161.06
11,7,1713.09
434,1,579.85
592,1,50.48
15,14,3660.08
112,12,2551.41
405,4,593.5
248,1,328.2
28,10,2681.9
479,1,310.15
735,1,112.03
683,2,126.45
43,1,389.64
86,2,869.51
44,6,1547.93
9,25,9972.550000000001
14,3,2653.76
74,1,420.5
144,7,2864.97
4,3,1625.97
296,1,89.2
58,3,447.92
263,2,417.57
46,1,278.3
28,3,254.11
7,11,6375.73
473,1,382.81
16,2,192.60000000000002
2,17,15514.11
231,8,3637.64
620,2,594.62
111,1,139.26
592,1,140.55
528,1,241.45
57,3,1011.9
50,15,3708.2999999999997
403,1,307.56
126,2,730.86
280,3,386.15
54,2,447.68
319,1,200.10000000000002
658,1,307.3
25,3,449.93
9,2,77.4
549,1,90.96
470,1,110.65
6,3,1156.32
28,1,197.64
16,10,2526.62
606,1,303.63
63,1,6.2
20,2,625.9
2,10,1953.9
165,1,131.45000000000002
0,27,10169.33
506,1,300.31
52,8,724.31
50,2,338.15
47,17,7191.33
60,1,189.34
437,2,1502.98
161,3,845.5500000000001
8,1,353.27
14,7,1082.55
74,2,303.43
390,2,504.14
39,8,2718.6
620,2,686.76
40,13,2354.03
386,1,170.5
598,1,178.85
369,4,888.91
580,1,154.21
36,2,778.5
196,1,271.85
199,7,3959.86
73,6,1153.56
63,4,456.41
20,9,1274.76
366,7,1230.15
484,1,157.7
179,3,321.43
9,10,4022.91
3,24,4735.08
581,2,385.2
664,1,0.0
196,13,9839.460000000001
28,7,1455.8700000000001
52,1,188.88
679,3,1676.57
629,1,322.69
498,1,94.8
17,7,2206.16
528,2,297.0
9,3,102.44999999999999
89,9,3460.32
422,2,769.9200000000001
417,3,915.28
267,2,362.71
52,14,7163.0
43,4,2824.69
436,1,211.79999999999998
63,10,6702.43
599,1,150.0
426,1,437.4
148,3,1348.95
404,1,310.56
21,43,15407.61
311,7,1770.96
22,3,829.41
57,18,6132.43
23,5,1376.87
77,11,4303.06
118,7,6520.3
35,3,1290.53
59,7,3651.851
505,1,180.75
12,5,1705.64
18,1,170.32
51,10,1380.73
25,2,841.2
28,1,266.76
6,4,92.52
10,19,20746.54
185,16,2952.06
2,12,4184.01
8,6,2778.14
261,6,1838.95
2,9,1228.17
483,3,816.6
209,2,854.13
534,1,116.18
107,3,2862.4
520,2,256.7
417,2,425.85
12,25,4076.5
684,1,185.06
76,3,690.59
19,1,255.4
26,14,3546.65
18,6,761.59
668,1,120.6
131,3,1598.12
252,1,364.8
78,1,1862.0
206,1,369.2
335,1,135.9
253,3,817.25
147,4,1106.73
690,1,202.35000000000002
9,3,1809.6100000000001
84,3,1492.81
7,38,25119.54
204,8,1826.0
7,8,3140.54
22,14,3365.95
394,1,1331.38
521,1,13.919999999999998
10,12,1919.0
25,3,1035.6200000000001
20,5,2795.33
1,4,1630.49
157,8,1971.39
444,1,68.44
2,16,5547.72
73,2,381.9
436,3,1404.68
2,4,434.35
0,398,291420.81
16,6,1889.25
35,8,4073.13
90,11,1811.25
70,8,3042.95
596,2,1123.75
115,9,5955.81
538,1,359.35
212,3,1607.17
29,2,1316.07
393,2,843.74
50,1,749.1
245,3,931.01
381,2,359.4
396,1,308.2
627,1,223.91000000000003
31,2,836.69
108,6,5236.73
4,5,1257.68
365,2,666.13
443,4,1770.0
81,5,3503.5
296,2,2849.83
33,12,12410.81
56,3,1621.88
561,2,2322.43
417,2,531.49
578,1,182.1
401,4,746.56
662,1,107.62
29,19,9784.67
413,1,179.4
13,1,100.9
71,6,1049.79
22,6,1101.97
468,4,515.0
18,1,371.2
78,1,311.69
59,32,17629.35
24,4,971.32
11,2,462.12
732,1,163.77
420,1,1325.0
252,2,261.69
146,6,941.99
63,4,695.42
7,2,221.27
10,22,16410.15
270,4,366.91
9,12,3123.57
246,1,206.21
95,2,596.09
14,6,1064.26
49,6,1982.6100000000001
29,2,501.24
703,1,906.2299999999999
67,12,4919.35
34,3,1097.98
127,2,145.07
106,3,1314.45
36,1,89.94
56,2,472.39
56,7,790.86
725,1,31.929999999999996
71,10,3112.19
734,1,429.66
736,1,150.68
245,2,372.92
571,1,237.78
688,1,183.20000000000002
18,6,1260.51
197,2,292.01
375,2,563.1
15,8,1550.6499999999999
211,7,2038.65
661,1,342.4
611,2,304.17
429,1,314.67
441,1,210.5
563,1,36.13
381,5,946.72
38,2,231.98000000000002
480,2,442.28999999999996
45,4,776.5999999999999
169,4,753.18
592,1,129.48000000000002
47,1,490.52
393,2,199.10999999999999
115,9,4138.08
472,6,1027.03
146,1,1220.77
15,56,13754.58
50,2,757.78
158,1,156.91
479,2,360.0
11,3,1259.43
35,1,308.94
395,2,416.6
53,3,646.26
487,10,1610.82
42,2,257.67
500,13,2354.97
172,5,620.89
33,1,125.58
38,3,496.21
266,1,252.81
378,1,198.47
8,12,2500.59
11,5,1133.44
2,20,11578.65
9,16,3559.39
32,2,979.79
79,5,1048.89
30,10,3195.6
7,6,962.94
619,1,365.1
71,8,1979.91
3,14,3102.94
255,8,11010.05
4,10,2557.18
15,14,8231.2
89,1,252.73000000000002
71,3,429.56
375,2,397.76
58,9,1146.53
9,93,39141.48
541,1,7.49
169,2,289.4
198,2,315.45
30,6,2870.3199999999997
18,35,16024.15
151,2,735.66
8,25,7623.79
269,1,343.62
64,4,381.0
273,1,121.17000000000002
24,5,4087.19
22,9,3926.91
318,1,207.73000000000002
4,3,693.95
11,2,302.1
474,3,549.12
519,1,113.65
274,5,3255.96
24,16,3387.58
40,19,3491.2
7,4,294.25
3,127,126389.02
70,8,2585.62
212,1,370.79999999999995
409,4,1254.41
37,5,3326.86
52,1,893.59
77,5,3862.88
45,4,1174.9
178,1,1109.53
372,3,737.05
93,4,1455.56
478,1,187.51999999999998
9,8,2788.02
104,3,1553.13
77,1,773.03
172,3,1447.74
494,2,2428.08
6,53,17286.73
212,11,3625.4
427,2,546.25
21,12,1854.57
668,1,93.35000000000001
256,1,88.2
379,2,965.1999999999999
729,1,347.54
564,2,218.53
281,1,306.94
20,2,1160.07
9,6,2420.84
307,1,381.32
67,3,1046.6100000000001
214,3,776.46
17,23,13702.380000000001
462,2,83.0
103,10,3141.64
42,1,219.39000000000001
3,3,908.35
181,3,39916.5
83,1,410.48
333,7,2193.8999999999996
8,6,1477.94
530,2,554.67
30,2,703.36
196,2,993.54
17,9,3094.91
17,5,1422.52
310,9,824.35
141,4,1300.25
245,3,983.1
23,6,1505.85
28,5,2442.37
610,1,209.4
9,3,3509.43
29,12,3400.12
17,2,531.85
17,4,1352.75
14,8,2485.97
133,1,244.8
245,1,266.4
133,1,358.82
49,2,457.71999999999997
113,11,4487.27
6,5,4656.17
22,4,450.82
24,24,17024.87
536,2,449.49
65,2,711.5
59,5,1783.68
49,23,6860.18
169,1,330.11
394,1,80.28
17,5,977.9300000000001
127,5,1806.9
14,10,1596.29
238,2,305.68
2,4,1286.7
520,2,823.4
393,1,502.52
239,2,178.96
51,8,3243.69
457,7,1388.47
45,6,2619.92
225,2,563.63
7,29,12160.31
3,4,1194.73
164,2,1327.16
239,1,623.5
10,1,301.29
133,5,1554.6100000000001
16,13,8977.94
422,2,2085.61
9,14,5263.83
30,1,329.25
74,3,1343.72
382,1,383.96999999999997
0,3,961.49
3,5,2654.11
44,2,606.02
1,34,22116.73
356,4,589.27
387,1,119.92
730,1,312.9
17,2,304.47
68,9,2028.1100000000001
372,1,487.75
467,1,167.16
320,5,1627.62
25,1,106.56
381,2,569.22
406,1,81.15
330,1,1289.5
8,5,1624.05
380,7,1494.6
322,2,481.46
71,1,224.14
667,1,988.04
425,1,948.93
259,1,40.5
17,13,7491.92
366,3,816.9300000000001
65,5,1200.2
153,11,2998.952
547,3,639.93
28,4,685.39
69,1,310.62
13,5,1403.2
1,16,4777.18
724,1,310.43
0,46,17524.38
433,1,834.4399999999999
462,3,588.05
119,5,1666.3899999999999
60,1,499.32
2,28,12021.53
2,1,3861.0
432,2,313.7
10,6,1877.51
91,5,571.35
58,10,3122.4
494,1,549.05
86,7,1842.95
419,3,6001.49
25,15,4400.18
356,1,316.58
84,2,653.24
9,4,420.3
415,3,683.92
0,6,970.52
729,1,178.98000000000002
224,3,1176.19
59,2,894.4100000000001
240,2,208.28
318,2,328.35
1,8,1661.44
46,7,2422.43
87,2,486.09
562,1,426.24
10,22,11468.83
175,2,685.45
51,6,1778.96
365,4,2062.2
318,11,3550.91
225,5,1417.95
357,5,871.36
233,1,409.40000000000003
310,1,154.41
36,9,2488.4900000000002
65,6,5580.2699999999995
585,1,160.5
238,2,429.6
620,1,250.26
112,2,612.06
400,1,59.400000000000006
276,1,197.0
217,16,2772.76
298,1,321.05
1,4,1412.32
28,3,1071.99
9,2,780.59
44,12,4459.98
66,11,3050.16
421,1,302.04
73,2,927.28
64,3,912.08
133,8,4610.84
237,3,780.4
121,3,976.06
410,3,1893.93
31,18,9266.0
640,1,60.0
8,21,20324.54
35,5,2103.41
15,8,2055.09
126,3,1088.35
66,9,3706.02
148,2,170.4
282,2,685.9
168,2,623.16
512,4,1182.3799999999999
99,25,8767.73
134,4,1508.0
323,3,418.82
106,1,156.51
63,2,848.4
150,4,3345.64
337,5,852.21
21,5,1717.36
478,3,961.9000000000001
23,3,1225.3600000000001
15,21,8524.86
6,24,4528.54
56,6,2030.95
599,1,228.96
3,2,716.57
37,1,615.14
65,4,619.8
46,2,476.34
561,4,496.15999999999997
354,5,1580.54
171,3,397.52
58,16,8543.57
569,1,348.59
389,3,148.32999999999998
499,1,24.75
407,1,94.92
49,1,240.55
21,5,856.03
42,10,3715.38
28,5,1593.09
4,26,10496.28
25,40,13517.76
200,1,178.39
665,1,247.5
410,1,233.35
653,1,207.04
50,12,10323.03
9,3,641.94
1,23,9061.77
66,10,6156.53
63,1,496.44
50,17,6909.67
729,1,308.0
289,3,1224.18
60,9,796.4
554,1,93.6
63,9,3484.73
95,1,205.3
273,1,310.47
610,4,797.96
478,1,1634.64
0,208,114966.42
74,12,2930.19
109,1,52.0
198,3,820.4499999999999
63,2,570.5
326,1,165.0
676,1,129.75
3,1,312.62
283,1,204.5
43,1,267.13
70,12,6709.7300000000005
85,2,1390.86
562,3,434.6
700,1,140.22000000000003
103,8,1601.46
333,5,1700.52
52,1,208.75
407,1,107.24
38,11,2958.83
31,2,714.9599999999999
499,3,767.91
365,6,4892.68
207,1,1028.56
156,3,350.82
53,1,170.22
401,1,240.5
410,1,373.02
676,1,277.93
65,7,1821.02
561,1,105.5
80,2,2402.72
129,1,406.09
86,1,364.5
0,3,563.94
45,1,393.54
332,3,596.12
365,4,1162.0
71,1,158.04
157,2,463.91
372,2,547.6
11,10,3430.22
548,1,111.15
254,7,2794.47
602,3,284.4
28,2,277.05
30,13,3239.57
4,42,16425.86
662,8,181.35
39,1,427.93
361,4,689.07
448,2,613.08
372,2,678.11
95,2,913.19
25,13,4557.13
74,7,2389.08
56,11,5081.33
20,2,722.74
491,11,6251.26
40,8,3739.01
661,1,59.400000000000006
136,8,6017.0599999999995
7,17,3084.54
128,2,307.32
689,1,60.959999999999994
39,3,1221.56
382,4,1211.75
462,2,246.5
168,8,4877.84
8,11,3248.96
213,5,1890.57
14,12,13733.55
169,4,2027.79
39,3,942.08
185,1,394.14
491,1,468.65
269,1,140.54
171,5,2733.8
395,2,1216.66
583,1,289.87
4,7,2911.62
15,5,891.34
9,11,5286.8
325,1,107.45
112,2,796.38
289,1,94.0
15,2,1345.53
0,3,815.77
91,8,1302.3
451,2,216.95
148,6,1830.54
491,2,170.88
375,1,257.06
188,2,659.84
30,4,975.87
33,4,1046.74
263,1,267.18
720,1,131.25
83,10,4685.72
25,4,1348.93
170,1,190.53
691,5,6798.72
9,3,774.9
312,1,559.61
64,7,4572.82
84,1,508.8
424,2,449.42
24,1,135.86
433,6,743.0
58,10,3805.34
322,7,1619.97
37,3,266.89
253,3,597.78
399,4,1941.1200000000001
18,9,2156.35
32,3,1430.54
14,4,762.75
26,2,397.35
467,2,954.75
502,1,153.24
22,2,320.76
213,2,533.3
7,11,2567.06
21,1,149.29
11,3,1067.75
261,2,393.45
130,1,156.57999999999998
404,4,1269.05
54,3,383.68
395,3,1254.21
248,1,594.0
1,14,5114.2300000000005
8,2,1411.21
263,2,284.5
376,3,399.75
330,5,492.88
312,2,788.81
25,3,974.52
29,1,429.84
433,2,226.86
29,6,1785.1100000000001
1,7,1371.77
361,2,305.99
597,1,38.25
282,10,2091.52
261,1,237.07
24,2,370.44
416,2,202.82999999999998
353,1,214.26
460,2,429.7
93,4,737.05
28,1,126.14
337,1,1044.65
19,32,12100.4
84,4,1560.46
8,3,524.88
50,3,1430.48
49,3,874.25
575,1,63.419999999999995
1,3,1292.01
112,1,371.56
13,8,2046.0
595,1,150.35
76,1,454.11
379,4,2209.98
649,1,368.4
39,3,1983.48
732,1,147.4
115,5,6279.0
400,1,1993.34
15,19,14417.36
160,10,817.82
0,6,4652.1
29,7,4810.92
526,1,102.0
679,1,231.32
92,5,431.92
22,8,2419.61
429,1,210.85
94,6,3100.09
27,2,659.4599999999999
32,9,4121.68
20,5,3702.6
378,1,246.5
630,1,146.14
17,9,8657.39
2,44,24972.86
723,1,158.65
7,4,1131.56
404,2,399.95
15,14,13003.869999999999
362,2,257.3
80,4,402.7
52,5,3610.96
22,6,2030.33
171,1,475.86
188,6,1000.27
379,1,152.41
330,1,250.0
11,5,900.53
155,4,331.58
32,35,26437.05
11,18,6392.06
386,1,171.81
44,3,62.43
232,1,267.03
63,15,4189.99
382,2,344.61
1,1,343.5
39,16,7098.24
32,2,397.99
83,16,17259.19
24,2,591.4
1,4,890.22
32,2,148.44
18,23,5554.89
253,1,229.33
22,12,4783.66
21,5,1808.68
7,2,1972.39
24,10,3738.85
18,3,807.57
725,1,162.25
172,6,1044.37
408,1,259.09
162,1,110.92
537,6,3358.4
6,1,538.46
10,2,460.68
113,1,85.13000000000001
511,3,855.71
287,2,242.26
8,20,7807.89
53,2,288.96999999999997
606,2,1079.1000000000001
6,26,10057.05
595,1,158.09
76,8,2334.16
3,12,2211.05
36,7,1679.81
216,2,252.52
59,1,428.93
277,1,217.2
11,36,11243.91
23,1,279.77
28,1,468.91
638,1,202.68
567,1,1109.4
397,2,153.52
11,8,1934.3899999999999
351,3,671.4300000000001
21,7,2859.46
462,2,70.74000000000001
49,2,173.16000000000003
392,2,227.87
18,1,186.01
2,3,758.29
103,10,3583.45
6,25,8736.49
11,14,3892.35
4,10,3965.2
31,5,1188.42
177,6,1101.44
619,1,30.1
37,1,921.37
150,5,396.03
161,1,127.1
68,5,1250.63
376,8,1375.39
120,38,7480.4
24,3,682.9100000000001
375,1,95.96
23,6,1268.2
176,1,455.3
592,3,1139.1
49,7,1522.08
677,1,579.6
255,3,478.53
381,5,1496.6
582,3,217.9
46,1,388.58
70,1,199.8
15,5,1771.78
487,1,357.59999999999997
100,9,2727.72
34,2,563.37
52,2,548.02
26,3,1250.06
427,4,1199.31
10,30,14191.74
7,16,3137.96
78,2,88.48
51,1,216.39
35,9,1741.95
60,17,5230.99
336,9,1708.97
27,5,1785.98
183,1,298.48
51,1,112.46000000000001
9,26,2997.28
35,2,195.15
609,1,433.71999999999997
437,4,3147.36
9,47,21373.97
437,1,317.11
395,3,828.5500000000001
32,4,776.851
10,1,336.4
56,4,1942.36
3,4,1293.03
42,17,7852.61
140,8,2437.05
116,4,588.13
103,9,3236.4
74,3,1067.52
456,2,566.9
4,17,5333.08
449,4,2240.9
44,3,1481.4
641,1,596.67
15,8,3285.31
508,13,4335.96
16,2,554.65
395,1,100.35
89,4,1444.58
52,5,797.59
378,6,2265.2
133,3,1065.08
3,29,23494.31
104,12,5345.55
729,1,105.78
191,3,664.0
165,4,803.54
18,3,1055.17
157,5,784.8100000000001
414,1,169.0
203,2,639.5
335,4,1660.35
521,2,553.88
36,5,1259.06
90,5,1405.94
92,2,877.44
8,2,922.53
242,1,560.6700000000001
44,4,748.5
22,1,30.0
189,8,2117.27
43,3,532.49
24,15,2603.69
316,8,1215.95
660,2,283.73
105,1,138.14
50,4,1254.03
167,5,3987.07
471,2,632.94
39,1,301.32
217,1,76.32000000000001
39,4,684.34
296,2,325.2
18,7,2657.13
724,1,45.300000000000004
87,9,6204.32
72,13,6948.2300000000005
80,4,542.04
18,3,3435.76
48,3,1305.6299999999999
52,3,1825.94
23,4,781.28
8,10,4028.69
24,14,2989.7
598,2,318.24
116,2,524.54
546,3,173.95
449,1,55.980000000000004
419,1,90.0
8,9,2993.1
418,1,190.57
119,3,521.03
3,2,239.76
251,4,571.3
27,1,191.04
658,1,37.5
0,24,9978.48
266,4,1131.04
32,13,3881.2200000000003
689,1,246.75
623,1,46.2
17,1,309.65
171,2,696.68
1,4,1529.0
475,2,140.39
264,1,211.5
139,6,3734.6600000000003
200,1,143.1
63,4,1060.56
34,4,916.98
40,9,3887.15
283,2,327.85
416,1,898.87
556,2,420.25
8,12,3472.41
142,4,839.64
11,5,783.96
555,5,658.02
145,11,2485.26
233,5,607.0
539,1,293.79
32,31,10195.97
23,2,739.22
11,1,471.40000000000003
35,11,5234.0
364,4,930.7
200,3,310.85
14,1,415.25
389,1,321.91
16,15,9371.71
379,2,544.6
212,3,192.55
65,5,1726.58
553,1,125.3
211,10,1543.97
282,1,162.3
114,4,2263.3
420,1,327.68
434,2,1767.12
14,8,1188.12
18,41,13043.32
65,1,449.12
48,1,154.88
457,2,208.62
618,1,156.87
15,4,775.96
77,1,34.8
18,4,1094.59
133,1,196.88
12,9,2499.81
39,3,609.81
234,3,44534.3
2,18,6452.991
460,11,1380.44
39,9,3924.91
304,1,79.2
50,9,3037.61
9,17,5993.12
60,4,528.01
65,6,2940.36
24,1,205.25
217,7,830.9300000000001
630,2,13916.34
442,1,143.05
64,2,583.75
31,2,1086.92
87,8,4503.08
666,1,370.63
63,3,831.0600000000001
115,34,15308.89
6,46,88612.52
612,1,321.45
603,3,1006.54
417,1,280.88
5,2,774.52
68,6,1288.34
244,2,150.5
132,1,241.62
240,7,1762.61
430,1,307.95
462,2,124.08000000000001
183,3,475.28000000000003
24,3,345.46
9,4,4014.1
10,1,246.3
467,2,848.33
32,16,5969.93
45,5,8501.62
25,3,933.26
508,1,221.83
357,6,1962.01
9,1,218.75
43,5,3608.34
399,2,933.84
14,8,2399.57
735,2,777.0
149,8,1979.8700000000001
0,17,5171.63
112,6,2821.08
492,3,1535.37
75,4,1421.34
106,7,1227.07
45,3,1063.95
142,1,451.42
50,4,1929.66
0,13,4206.39
22,30,10148.93
45,3,784.58
49,5,1817.52
305,21,17180.25
35,7,1274.44
78,8,2999.04
21,7,3486.15
106,12,5201.47
207,2,1303.9099999999999
16,6,2634.44
63,5,2100.6
541,2,144.14999999999998
420,3,2766.4
587,1,340.5
48,10,3934.79
319,1,206.98
43,2,570.96
2,6,1840.06
371,3,3882.17
452,2,890.94
171,1,532.94
55,4,2598.28
72,28,3603.14
374,1,1108.82
98,2,636.14
37,1,576.0
57,3,794.64
253,1,836.79
737,1,80.4
69,7,3764.39
43,4,954.09
49,1,137.37
64,2,777.01
10,34,73205.5
32,3,1048.49
58,2,355.56
72,9,2742.41
392,2,548.8
303,1,118.95
45,1,130.73999999999998
17,11,4426.28
384,1,107.01
37,5,822.57
621,1,137.99
18,6,1006.75
526,1,109.73
186,3,257.26
51,1,110.8
3,21,5578.28
136,6,1052.72
3,52,32275.95
18,2,570.48
15,13,3552.41
431,1,438.46
40,17,2361.3
11,12,4369.2
7,13,2512.29
25,5,355.1
21,7,2180.76
40,5,2241.42
100,1,211.89
4,31,8923.3
582,1,94.53
276,3,321.11
32,4,857.46
436,1,33.099999999999994
14,4,729.25
499,4,313.91999999999996
63,21,11284.76
645,1,108.52
408,2,1449.14
1,2,490.33
561,2,330.77
403,4,1137.8
368,1,329.03000000000003
311,5,501.39
198,8,1124.66
1,2,396.48
431,2,244.60000000000002
92,15,1951.82
59,4,1052.8700000000001
406,3,1027.15
80,3,429.16
156,8,1427.6
394,5,535.65
226,1,511.68
668,1,128.2
481,1,305.28000000000003
252,2,258.25
149,1,179.17
193,2,208.59
0,25,4996.45
368,1,56.25
23,4,886.57
16,7,687.72
379,1,145.01
9,12,8939.84
7,1,164.68
542,1,114.69
19,10,2530.19
3,3,882.72
490,2,758.62
173,1,191.94
0,15,2661.17
623,8,1700.24
177,9,1074.7
533,1,6.300000000000001
377,2,205.99
401,1,364.45
15,13,3145.2400000000002
247,5,530.17
190,3,582.88
19,2,525.69
153,9,569.14
172,4,775.26
372,1,369.5
372,1,127.08
730,1,102.82
193,1,207.15
541,1,134.44
646,1,106.54
655,1,293.53
643,1,594.0
66,1,426.63
427,1,239.9
3,8,2495.87
20,3,1107.46
417,2,2190.66
238,2,416.86
378,2,282.79
63,1,145.35
111,9,734.81
89,16,9060.39
310,1,35.8
636,1,405.0
133,1,337.44
649,2,271.28999999999996
276,4,2164.24
364,4,646.27
502,3,2304.18
82,1,1708.24
7,3,1509.09
16,2,364.72
31,10,7120.91
8,3,1013.1700000000001
33,4,781.91
14,18,3440.34
588,1,190.75
23,22,8085.9800000000005
550,2,617.6
31,3,921.25
73,4,462.12
681,3,542.89
373,4,410.95
378,1,451.28999999999996
448,1,289.48
19,2,470.76
662,1,269.21000000000004
16,13,2771.94
450,1,426.53
22,12,2966.0
387,1,404.55
2,5,1127.05
303,2,1017.3199999999999
17,18,5902.83
455,5,1769.33
366,3,680.62
38,7,3442.15
83,1,371.01
164,6,1694.41
16,2,1054.73
76,3,3279.42
602,1,329.21999999999997
88,7,6543.68
24,21,9362.77
604,1,324.51
21,8,3110.37
2,30,8393.02
122,7,2715.28
29,2,354.42
11,8,1535.99
18,3,738.89
375,2,368.31
43,7,1997.75
533,1,150.55
3,3,896.6
8,7,2777.67
54,3,1175.68
413,1,694.54
87,7,1386.4
36,16,8274.14
735,1,20.4
2,3,12393.7
380,1,583.39
624,1,169.21
29,10,5613.83
474,5,2146.39
11,10,2365.4900000000002
210,2,332.82
47,7,3053.06
23,15,5339.13
21,4,972.11
245,11,1694.86
7,29,5601.01
34,5,2978.59
3,84,56078.44
37,5,1100.28
3,3,704.55
2,11,2083.4
46,5,1545.58
38,4,698.13
46,27,17329.16
16,3,851.01
394,2,487.03
259,1,602.63
45,3,719.8100000000001
11,3,483.99
29,1,439.65999999999997
42,1,236.09
91,15,2048.36
595,1,82.2
38,107,117763.62
309,1,331.24
91,2,547.9
455,6,1965.72
5,27,10608.81
195,6,911.3199999999999
559,1,217.73
86,4,2556.84
269,5,1509.3400000000001
7,3,471.78
423,2,456.4
64,7,2416.9
30,3,3166.4
21,8,2245.32
37,8,1856.5900000000001
434,1,340.84000000000003
119,8,3434.93
561,1,235.78
681,1,107.14
372,4,818.7900000000001
39,6,1852.15
173,3,300.7
681,1,188.44
53,1,362.06
32,6,3634.84
144,4,2111.88
220,1,134.8
44,1,650.75
15,10,3854.85
405,1,62.7
65,12,3053.57
400,3,541.95
430,1,89.65
9,8,2863.45
259,1,335.32
724,1,109.31
364,8,1992.13
16,5,1521.04
562,3,3269.11
593,1,115.73
417,1,457.7
21,2,852.15
44,4,1076.8
287,4,4180.09
296,1,122.4
389,1,252.5
502,2,736.9300000000001
2,10,2234.73
625,1,2300.4
283,2,362.99
16,3,1352.0
81,4,602.5600000000001
55,8,4278.96
669,1,106.75
100,4,2351.42
298,1,436.18
22,12,2341.03
58,10,2687.73
388,5,1739.92
575,2,1437.43
385,2,263.49
623,1,180.56
154,2,315.06
114,6,1587.94
106,1,17.0
11,11,3695.56
455,1,447.05
263,4,1584.97
239,1,185.04999999999998
87,14,4010.7
49,7,1573.2
462,1,582.64
70,4,3229.16
41,3,1842.14
6,22,6191.71
61,9,2774.46
248,5,2386.19
65,1,108.38
17,7,3204.1600000000003
84,4,2235.92
218,3,939.48
44,4,1781.59
427,1,549.33
142,4,195.74
182,1,161.38
170,1,135.75000000000003
9,12,2553.8
211,1,612.78
189,3,654.4
652,1,4376.25
7,8,1720.81
58,6,2967.5099999999998
56,5,1450.04
72,6,895.62
51,1,307.78
316,4,1772.49
366,14,4292.35
28,15,14644.6
38,2,801.3100000000001
17,11,3801.05
406,3,1396.05
421,4,987.48
51,12,9957.42
543,2,664.1999999999999
3,56,22992.26
21,5,2145.34
262,2,819.4499999999999
59,4,946.8000000000001
679,1,422.7
378,3,910.35
18,5,1111.15
65,3,1433.46
87,2,955.94
249,1,535.34
2,12,4555.08
246,1,175.2
8,19,6805.4400000000005
156,4,946.38
133,5,2398.91
295,2,386.62
4,3,422.21999999999997
42,10,4002.17
268,1,1829.04
49,11,5133.49
381,5,796.9
8,20,6188.18
15,3,656.69
521,9,628.32
281,4,1232.79
64,2,1025.44
1,43,12580.06
251,1,37.4
231,6,2407.98
16,3,822.48
504,1,79.9
427,2,435.83
413,5,1386.12
10,66,10360.67
7,4,1822.97
50,20,6869.0
58,1,73.19999999999999
94,8,1884.55
15,6,1418.32
125,7,2246.75
93,7,1836.44
420,4,2052.69
49,8,2247.31
137,2,612.6
60,1,215.83
99,13,16249.87
72,1,305.54
71,9,9971.65
66,4,1077.81
63,6,1158.79
16,3,644.72
22,26,8718.43
31,15,6911.4400000000005
44,5,1087.66
15,2,215.48
39,8,2723.55
2,24,15677.82
735,1,351.3
236,2,630.43
374,1,308.6
722,1,323.25
488,1,93.3
468,9,2016.71
74,2,1030.0410000000002
391,7,942.75
3,12,5608.1
2,5,2112.12
360,9,2501.99
58,6,943.84
22,3,918.71
30,7,1820.11
54,13,2589.87
24,1,394.38
44,10,3440.4500000000003
88,9,4146.78
1,35,33750.97
88,3,1090.59
18,4,1293.71
78,1,159.0
170,4,2038.25
80,1,242.35
266,1,914.9300000000001
234,2,304.25
29,13,3968.67
500,1,40.8
36,9,2019.92
317,2,1272.05
374,2,1087.05
56,5,1616.54
44,15,2859.31
202,5,672.17
224,3,1027.22
384,3,885.71
86,6,2867.86
189,2,542.03
378,4,1074.47
43,7,2712.97
70,9,1818.31
475,3,333.18
40,9,2053.71
77,1,432.2
436,1,136.65
422,1,63.66
56,6,1492.2
23,2,3718.8
9,16,3992.86
7,14,7404.650000000001
33,2,409.1
211,2,1522.75
23,3,1413.66
459,2,821.35
169,1,114.56
61,1,152.94
52,5,1800.07
260,3,565.24
511,1,128.31
382,1,295.09000000000003
66,7,7272.2
377,3,967.44
16,15,4530.0
266,3,1629.37
176,1,46.95
44,15,11942.52
409,3,340.94
50,1,1035.45
16,6,1041.16
377,1,755.15
422,1,348.16
437,2,823.53
8,12,6935.17
73,14,1757.95
590,1,186.66
70,2,667.65
437,1,717.57
352,1,1141.24
2,10,3397.82
116,1,411.7
647,2,318.34000000000003
372,1,351.75
196,3,2151.11
176,3,2629.3900000000003
733,1,188.69
99,3,1117.84
20,9,5698.28
724,1,238.05
71,3,3424.02
339,3,1307.5800000000002
5,8,4350.32
30,3,1018.48
645,1,176.9
476,2,328.95
169,5,1006.98
469,1,129.85
461,1,136.31
464,4,1957.7
681,1,117.72
121,5,1253.76
21,15,4279.2
476,1,126.05000000000001
9,4,1328.55
625,4,1313.67
268,1,301.9
22,7,1085.7
476,1,193.65
429,3,1367.32
736,1,107.33
126,1,233.22
25,7,7928.27
694,1,381.66
138,1,361.21999999999997
213,7,1124.72
428,3,1194.92
37,7,5120.0
105,2,706.57
413,2,460.08
17,2,616.26
431,1,171.15
2,2,274.15
389,3,1491.4
330,2,402.71
63,13,5744.91
119,5,2192.51
34,1,328.15
217,1,404.40000000000003
171,6,5628.99
71,7,604.5500000000001
0,2,326.75
195,2,353.66
127,3,408.59000000000003
46,12,3597.5
5,24,4721.25
13,16,10159.64
562,1,310.83
427,4,1664.92
17,7,625.38
431,6,2037.7
27,11,2000.01
7,22,26626.8
491,1,263.73
551,7,2753.52
420,4,3517.69
36,1,151.05
156,1,214.8
283,1,94.05
106,3,1496.24
24,7,3850.79
74,4,322.41
15,3,614.12
157,4,842.42
43,2,1178.79
384,1,224.51
10,11,3442.96
31,8,1744.42
290,1,53.5
20,9,2253.89
332,13,3330.0299999999997
17,2,494.44
3,38,9795.460000000001
62,5,1119.46
374,1,416.35
197,6,415.87
32,4,868.37
0,5,2919.65
6,16,2697.75
4,6,3450.41
9,4,891.21
31,6,922.16
52,1,109.36000000000001
11,2,705.79
17,15,3167.34
18,4,1548.1299999999999
36,3,1350.48
1,3,621.44
17,7,2656.56
81,4,1301.91
448,1,157.2
32,5,1290.31
381,2,309.49
65,5,1723.4
469,2,104.0
8,2,974.96
266,2,1308.48
246,3,362.95
3,4,2157.4
60,1,1743.1499999999999
395,2,247.85
407,2,353.1
74,7,2896.69
89,4,1358.95
59,5,881.35
28,3,1068.16
322,5,882.46
653,1,186.05
52,4,1382.07
536,3,467.5
400,4,1052.26
269,3,756.7
1,23,5297.77
56,5,1555.34
60,14,3518.41
475,1,137.8
627,1,123.13
153,2,1705.8
18,3,630.22
94,9,3059.85
0,23,6849.15
264,2,293.45
311,1,177.5
69,1,443.05
301,2,167.25
18,3,528.36
12,14,2761.65
590,1,231.93
35,12,5652.74
733,1,130.32
18,4,756.39
53,5,593.19
56,2,522.03
21,5,551.21
43,3,696.76
26,9,2957.88
492,1,35.7
44,5,1028.74
112,8,1463.7
395,1,75.0
375,3,526.27
16,109,61920.87
24,1,346.12
190,2,443.06
301,1,302.7
1,10,1863.76
262,2,241.06
413,3,638.49
105,1,284.55
56,7,1117.94
212,3,623.28
63,1,287.40000000000003
27,2,384.52
28,12,2673.69
511,3,1003.0699999999999
667,3,319.14
380,2,301.25
5,5,798.35
721,1,310.70000000000005
7,6,3856.9700000000003
66,5,1019.13
1,5,891.98
520,1,162.24
45,17,3625.88
33,4,583.16
0,2,168472.5
135,3,727.1
197,2,361.12
197,2,707.69
149,3,1505.73
87,3,1013.15
630,2,332.17
530,2,251.71
44,4,30.950000000000003
63,11,3995.57
98,13,6000.94
217,1,208.36
2,30,5690.89
729,1,71.78999999999999
27,3,811.23
177,3,1545.83
73,3,136.0
20,4,1422.4
19,3,1298.66
420,2,746.24
33,15,3767.09
508,7,2869.16
73,3,787.52
23,5,803.9
51,11,2416.85
274,4,1189.98
433,2,789.6
164,4,470.83
6,7,1810.65
87,4,544.3
431,1,350.35
63,11,4094.37
24,3,331.0
9,2,300.83
75,1,769.29
681,1,453.38
15,1,220.62
191,1,139.35
173,2,404.3
76,5,2287.19
537,1,134.36
576,2,209.4
32,3,498.8
379,2,303.7
435,1,205.41000000000003
46,2,1533.16
540,1,385.56
79,7,2132.09
296,1,826.53
2,3,648.26
8,6,2330.77
49,23,6695.28
160,2,100.97
359,8,2578.34
4,9,843.9100000000001
382,1,1191.23
619,2,258.55
106,11,3614.34
24,1,465.88
31,1,777.6
19,2,90.30000000000001
571,1,142.71
629,1,240.95
296,1,363.70000000000005
371,6,1777.5
21,6,1760.49
4,4,874.59
51,10,3179.06
29,1,101.69999999999999
276,1,162.7
60,4,959.37
24,4,439.06
185,6,2148.38
414,3,1140.11
435,2,433.36
1,28,11916.33
445,2,306.19
1,48,24151.3
171,2,717.21
80,2,1232.94
3,1,244.41
189,4,1986.8
667,1,48.35
21,11,2298.33
17,5,8756.64
18,3,1082.81
641,1,635.9
4,3,972.04
109,1,548.12
640,1,23.35
540,3,395.07
2,10,3289.66
413,1,205.75
734,1,424.03
53,2,257.32
591,1,292.21
519,4,376.70000000000005
164,2,689.8199999999999
290,5,5307.07
545,1,104.25999999999999
598,1,30.15
9,34,12781.8
108,18,8813.58
95,7,2237.12
242,2,379.73
162,33,16584.01
41,8,2841.72
34,6,1915.68
66,17,8012.58
23,2,281.85
0,38,13304.11
396,1,175.0
26,8,3048.38
5,2,511.12
476,1,223.86
53,6,4412.56
568,1,87.8
363,4,773.05
14,5,614.66
193,2,865.6
427,2,1020.9
2,5,1455.23
14,20,7434.31
26,10,4248.74
126,3,1009.6
84,2,663.61
70,3,1301.78
419,2,540.87
666,1,380.0
625,1,156.6
425,1,295.05
182,1,105.84
112,1,313.62
373,2,297.95
79,5,3156.17
593,2,341.59
248,3,1462.78
231,1,225.15
385,4,1361.28
70,4,612.36
400,2,605.9
68,1,213.5
3,28,7807.91
50,8,1071.14
74,1,181.09
60,5,1757.75
15,4,458.98
3,1,90.04
285,1,145.05
385,1,172.8
3,13,2153.41
40,3,677.0
35,2,763.33
74,2,482.47
562,2,432.45
723,1,60.48
403,2,357.66
17,25,5706.87
453,2,1286.6200000000001
14,7,5493.46
218,1,75.66
185,6,1785.13
32,9,3245.4300000000003
69,1,618.59
182,3,1179.79
625,1,291.5
14,2,500.42
235,1,151.85
30,5,2647.59
263,4,1938.33
3,6,1758.93
51,4,813.48
543,1,225.4
245,4,1015.24
80,2,810.57
274,5,1654.03
0,17,4413.1
78,1,322.8
29,7,2318.1
73,2,408.63
406,1,106.80000000000001
481,7,1892.52
485,2,406.4
16,6,2883.1
222,6,1649.81
406,1,473.0
437,4,3802.04
31,4,1154.47
22,15,2380.13
30,4,1747.98
397,1,179.4
105,2,554.5
4,3,1077.45
245,2,923.11
177,2,833.78
735,1,160.39
448,1,678.8
169,4,541.9
42,3,672.8
519,1,306.58
71,7,1916.11
586,1,136.2
58,16,17550.39
15,2,1212.66
140,8,1484.07
17,13,6423.26
21,30,16833.170000000002
9,4,874.43
367,6,690.83
188,1,39.12
15,7,1879.55
539,4,932.76
393,1,151.05
728,1,165.0
568,1,109.2
361,1,135.4
18,2,217.71
67,2,567.18
14,13,862.42
23,3,1348.88
16,20,8030.150000000001
27,3,1692.27
1,20,8134.9400000000005
678,1,171.13
54,2,304.24
441,2,608.86
33,6,2361.9
410,2,880.62
2,12,3109.99
365,3,663.31
42,3,821.45
72,7,1921.8400000000001
4,5,1028.0
533,1,320.25
3,55,147142.77
60,2,324.24
46,16,4881.07
390,1,157.63
0,4,1260.86
75,2,422.6
71,4,353.03000000000003
417,2,178.83
255,4,1914.6999999999998
68,5,1179.48
722,1,98.30000000000001
561,2,191.9
134,4,657.9
240,1,112.75
226,2,1998.0
379,7,994.6
8,25,8830.77
8,26,9916.73
414,4,1110.83
617,2,664.16
0,42,43515.051
36,3,531.35
399,4,533.41
45,1,656.63
84,14,9056.01
18,22,5921.35
2,9,2868.48
8,13,4232.87
18,32,14115.56
218,4,1497.33
77,2,625.52
266,3,2149.6800000000003
23,14,6663.68
368,5,3006.08
14,14,3513.62
25,3,758.74
261,1,292.47
16,22,8189.56
90,4,1231.36
404,1,147.35
301,14,1688.26
25,7,2063.88
363,4,1377.77
45,4,1048.28
37,21,7205.33
51,3,743.11
647,1,170.3
31,4,4387.64
529,1,259.68
51,3,646.76
78,14,6217.41
505,5,2956.56
52,2,835.2
297,1,3.75
176,2,786.43
394,1,226.91
624,1,173.06
46,14,2799.87
28,14,4212.15
10,7,1291.91
86,17,7180.7
4,42,18046.75
37,2,836.0600000000001
17,14,3637.33
590,2,4157.88
44,5,623.93
30,1,1764.72
372,1,207.5
57,1,223.92000000000002
371,29,65500.07
113,7,2864.68
214,7,1312.3700000000001
318,2,270.48
64,1,369.34000000000003
7,3,789.79
429,1,228.0
96,1,316.62
19,3,1207.24
198,2,964.6999999999999
3,13,2790.9500000000003
293,2,454.75
272,2,1145.6
30,15,8056.76
47,9,1698.57
259,4,1117.05
57,9,1778.93
32,10,3949.6
422,3,3698.05
56,3,421.24
67,8,1567.48
9,16,2820.84
59,2,592.51
79,5,1292.18
73,2,245.94
1,53,32809.03
99,3,596.4
371,2,623.0
9,38,9636.12
436,1,391.95
19,5,892.33
409,1,533.78
393,1,51.84
397,4,1017.53
122,5,1928.93
7,1,80.8
3,6,1545.62
28,15,3957.63
281,5,623.46
56,1,243.84
0,15,2052.7
364,3,2062.41
88,1,305.62
392,5,1802.02
553,3,841.16
431,2,452.78000000000003
10,1,1162.65
162,4,1594.23
678,2,582.61
64,1,332.3
22,3,536.99
173,5,1091.34
102,4,762.16
142,6,2123.88
98,2,288.42
22,9,1727.43
191,2,842.04
4,2,547.07
360,4,2392.0
7,10,1652.18
13,36,11924.85
453,2,406.02
102,4,417.06
2,13,2560.7
10,11,3349.57
464,2,182.59
95,1,497.61
381,1,113.35
685,1,181.39
226,7,2243.09
15,3,686.24
38,5,1826.8899999999999
50,1,341.7
392,5,392.13
92,2,128.5
156,2,513.32
38,4,1207.5
564,1,91.8
183,5,417.61
0,6,2409.04
227,2,898.9599999999999
127,6,1456.66
39,4,782.37
30,11,3170.98
196,4,1159.61
8,44,21758.25
602,2,139.85
36,12,4006.06
100,3,1264.19
42,35,19571.43
562,2,614.34
617,1,253.88
49,3,842.41
42,2,614.89
52,4,1411.62
186,1,124.57
333,1,332.41
3,3,342.45
9,2,144.91
416,2,1408.96
23,2,328.4
14,3,358.49
442,1,352.8
368,10,4292.59
144,7,1932.41
452,3,1610.62
59,5,946.59
546,4,662.33
30,3,834.27
433,2,409.25
401,1,130.95
140,3,207.74
689,1,76.74000000000001
393,3,384.56
22,4,817.12
468,1,450.15999999999997
21,6,2812.34
76,6,1213.13
4,12,14617.39
378,1,209.89000000000001
66,11,4234.53
403,1,136.01
11,6,846.62
83,1,13.3
30,8,1813.21
66,1,432.0
66,3,705.12
186,19,2246.06
37,4,1070.97
14,4,684.6
455,1,134.0
34,3,658.17
400,3,434.2
194,6,2526.65
476,3,285.41
1,11,1727.94
0,7,754.75
366,2,249.89000000000001
501,3,1306.96
64,5,1102.9
554,1,103.95
298,2,289.78
25,5,885.21
7,8,1695.77
16,3,887.11
728,1,204.26
115,1,1706.88
28,3,1041.75
3,21,4675.36
4,17,4706.77
81,7,1410.92
28,9,1470.89
721,1,252.59
71,1,379.14
3,8,1508.96
635,2,255.25
28,15,4460.51
289,3,423.91
35,1,183.76
8,11,1543.18
23,4,902.02
276,2,1851.88
49,16,3206.54
155,24,4909.66
410,1,355.45
60,3,409.21
572,1,611.08
11,32,13157.130000000001
20,3,829.89
539,1,125.65
370,5,1169.6100000000001
115,3,543.05
79,29,3897.5299999999997
3,7,1295.39
25,3,378.89
4,23,5032.22
52,3,412.55
0,9,3099.3
54,6,2083.14
381,3,530.86
25,2,548.29
498,1,196.25
8,9,6995.360000000001
488,3,433.84999999999997
51,8,6427.66
611,1,33.0
12,9,1904.99
211,5,1299.49
609,1,101.36
21,33,8548.16
382,5,1222.04
235,5,955.21
138,7,868.77
3,6,1286.27
56,10,3541.77
134,3,1277.75
108,5,795.83
29,1,20.8
0,20,6081.88
184,6,1120.31
17,1,308.74
238,2,416.64
434,1,778.49
86,1,117.35000000000001
38,8,1990.88
115,3,794.56
409,1,251.04
186,1,110.55000000000001
732,2,207.85
226,1,201.19
7,7,2154.97
188,1,319.02
3,2,439.43
38,3,650.41
625,1,71.4
37,1,357.21
382,2,749.0
385,1,127.0
522,2,365.5
422,3,926.12
266,1,251.51999999999998
394,4,496.0
77,3,768.88
3,9,2859.74
254,3,1422.83
60,1,384.06
12,11,3490.53
87,9,10350.53
16,23,10923.16
29,11,4888.75
2,11,2521.4
4,2,382.67
6,6,1133.25
218,2,344.0
420,1,1041.21
10,13,5476.5
463,2,1950.9499999999998
29,9,2123.61
287,3,702.0
149,5,402.0
22,2,484.82
395,2,406.3
0,19,6640.8
85,7,2571.55
401,4,828.21
45,4,2324.36
470,2,622.36
4,8,1635.27
50,7,1120.1
428,1,81.36
550,1,242.06
17,1,195.36
29,3,671.7
724,1,360.61
7,3,583.4300000000001
28,3,1838.61
576,1,552.4
2,29,12576.99
40,6,2287.7
10,11,3602.29
541,2,935.62
441,6,1182.22
30,2,260.0
416,3,800.1800000000001
44,3,95.85
60,5,1349.67
184,3,175.83
78,9,1310.63
580,3,1593.83
110,7,2137.3
63,1,146.87
11,6,2773.85
547,8,2984.32
85,4,1332.79
15,5,1276.42
245,4,613.59
382,1,176.89999999999998
87,1,1267.32
29,2,743.17
603,1,1954.99
137,2,463.25
26,6,1655.2
2,5,1036.58
31,8,2593.65
24,12,11962.300000000001
112,5,827.6800000000001
156,5,1906.07
84,6,2289.23
117,7,2071.68
2,19,9942.53
95,11,4648.59
193,4,706.49
27,1,399.09
130,1,498.48
27,5,1356.33
445,1,232.85000000000002
737,1,128.60000000000002
595,1,294.74
81,3,1179.89
29,9,4864.57
265,1,234.24
73,11,5232.2300000000005
313,6,889.75
20,13,3638.53
58,3,855.45
637,2,194.7
725,1,228.34
724,3,454.54
11,47,8987.68
27,14,5517.2300000000005
113,2,437.42
27,13,3793.71
624,1,273.35
17,4,1446.09
562,1,203.05
17,10,2236.63
35,6,1242.75
577,1,306.0
35,2,378.2
77,1,118.80000000000001
21,7,957.53
24,6,949.39
32,6,4732.03
108,9,4049.79
34,3,5001.21
122,28,7847.67
6,6,2050.08
737,1,221.53
27,4,1991.01
385,1,128.45
3,13,3080.1800000000003
2,19,7495.75
49,11,5511.41
592,1,235.88
321,2,402.20000000000005
22,7,2572.25
14,11,3697.9300000000003
1,9,1143.36
381,3,591.07
532,1,582.17
17,2,971.74
9,7,2507.05
261,1,25.5
721,1,424.3
423,1,474.03000000000003
158,2,665.78
388,1,481.58000000000004
32,10,16052.72
663,1,174.95
28,8,1291.71
164,3,499.9
46,2,459.58
502,1,197.57
573,6,2305.59
5,8,801.12
7,7,2761.4900000000002
647,1,389.78
287,1,116.19999999999999
317,1,157.02
2,2,606.91
232,1,307.46
402,1,314.74
118,4,570.5
161,3,977.17
184,1,294.24
49,1,230.5
151,9,2016.43
428,5,1155.0300000000002
334,1,157.09
519,1,31.85
4,5,2463.17
451,2,1220.91
15,12,14622.33
106,3,625.3
15,10,1722.18
661,1,231.68
415,6,1099.81
275,7,4417.27
15,25,19566.76
246,1,454.12
417,4,727.58
238,4,1275.25
416,2,880.97
0,2,984.57
512,4,3120.91
105,13,5852.64
22,9,3199.95
51,1,124.88
450,1,143.10000000000002
376,6,1357.95
734,1,231.90000000000003
194,4,2016.5
23,1,213.78
74,1,329.34
17,7,892.46
491,1,591.87
7,19,5151.900000000001
31,5,1980.0
21,5,2099.59
30,17,10209.16
443,1,856.01
28,10,1715.46
21,4,699.78
32,7,2467.35
283,6,1794.32
38,2,206.34
379,3,867.11
498,1,400.2
57,3,1156.73
373,2,178.68
288,2,384.59
78,3,956.5699999999999
4,8,3766.6
217,1,59.9
43,4,1443.69
201,3,902.3199999999999
504,1,119.5
730,1,432.96000000000004
177,6,1507.26
55,11,2236.77
56,3,309.85
422,2,321.3
7,6,3347.31
568,2,198.41000000000003
591,3,229.46
46,2,144.0
226,2,467.71
10,13,4592.93
105,5,953.63
58,7,1726.57
27,15,4310.34
535,1,75.28
35,9,2310.04
273,3,812.5
654,1,562.98
427,1,327.75
29,1,1013.01
23,3,692.22
581,1,135.04000000000002
386,4,356.71
53,4,1143.1
420,1,160.65
35,10,5564.09
174,9,5504.6900000000005
53,3,999.35
52,1,204.24
651,1,292.62
395,1,111.15
648,3,595.7
392,1,251.72
26,13,3773.35
252,3,794.41
39,13,4869.400000000001
59,6,1059.1200000000001
463,1,186.15
553,1,63.6
233,2,210.1
3,18,3891.39
31,2,259.13
23,21,4457.31
6,5,976.62
64,6,1579.51
309,3,558.04
500,1,100.86000000000001
581,1,131.15
308,3,895.47
18,12,1878.93
15,13,2820.03
95,2,318.76
263,18,9388.49
11,25,7064.8
2,2,417.77
34,3,560.86
182,1,149.89
24,8,1562.98
12,12,1929.26
10,4,994.13
2,32,7331.67
312,4,1189.45
595,1,130.6
384,12,2736.64
107,5,2889.2799999999997
0,69,20203.58
52,5,1826.04
204,2,371.63
546,2,38.92
14,1,280.09000000000003
119,2,500.54
428,1,68.03
3,2,381.97
362,3,798.98
116,2,348.90999999999997
17,1,178.26
4,3,469.48
40,4,781.7
106,5,498.93
435,2,189.78
396,2,417.3
147,6,1452.39
410,1,120.95
509,1,221.59
51,11,2488.76
207,1,63.440000000000005
423,1,268.28
138,2,550.01
1,5,501.72
126,2,317.2
107,11,1733.8899999999999
385,1,491.81
468,2,601.45
735,1,204.3
41,4,2148.63
423,1,141.12
34,2,573.22
382,1,114.1
401,1,502.49
227,2,1065.3500000000001
240,2,271.24
57,1,187.82999999999998
437,1,118.86
373,6,797.8499999999999
129,5,2308.54
378,1,188.46
59,8,2788.06
627,2,407.94
21,3,389.18
25,21,3826.86
8,11,2468.43
31,9,2041.8
3,8,1487.96
307,1,550.8000000000001
471,2,271.75
7,17,3750.63
668,2,467.79
28,3,547.0
729,1,338.13
16,1,128.18
100,5,954.26
11,6,993.23
390,2,393.64
20,2,294.39
14,5,1135.63
360,1,250.04
533,1,111.5
648,1,2135.46
10,21,9782.35
394,11,3999.8900000000003
392,2,4511.76
94,3,320.39
386,2,1025.1
77,6,3566.56
138,3,644.3
30,1,2328.84
24,17,4904.43
1,43,9599.58
419,1,124.45
45,3,2600.34
724,1,157.32999999999998
668,1,29.099999999999998
99,6,2444.85
7,6,1665.21
375,5,922.59
14,12,1551.04
17,12,2171.07
279,3,609.5699999999999
407,2,312.35
409,2,152.35
672,1,104.7
13,5,998.53
22,4,423.8
123,1,175.2
527,5,838.27
85,1,494.25
301,3,635.15
383,2,497.04
471,1,81.12
150,4,1981.06
16,17,11889.33
93,3,302.36
29,18,19617.95
156,5,1272.21
379,4,1227.54
354,6,1259.94
45,2,457.36
14,10,1586.63
3,26,4998.61
85,1,228.96
14,9,2442.29
178,5,772.41
7,7,1893.701
35,12,1988.23
695,1,36.25
128,4,3242.0
50,4,3133.96
385,1,273.31
311,5,946.47
23,2,384.39
302,5,861.01
10,2,284.46
16,6,1200.51
48,5,871.7900000000001
238,7,1024.04
394,3,920.46
0,28,11972.92
12,15,8184.49
431,2,1077.24
237,1,167.55
22,14,2758.29
455,1,979.2
72,4,446.18
16,6,655.37
40,28,4347.31
39,7,1167.5
218,3,727.11
198,4,660.55
70,4,453.64
23,78,17644.27
373,1,10.95
10,1,389.71999999999997
433,3,645.0
8,38,36398.65
64,8,902.28
3,2,304.09000000000003
18,3,507.55
14,1,256.11
7,7,2812.77
19,2,746.81
77,11,2675.37
0,61,57215.33
420,1,149.3
163,2,508.8
306,3,585.92
410,2,381.15000000000003
218,1,203.86999999999998
507,1,97.5
38,14,8409.6
21,3,1198.28
114,3,653.38
125,8,4623.28
540,1,114.85
4,23,4635.5599999999995
35,2,382.87
3,23,47781.12
0,3,1031.41
332,13,4186.95
411,1,552.9
162,3,316.09000000000003
184,10,7793.51
15,5,1214.72
11,5,1425.38
2,16,4220.22
404,2,560.14
43,6,2249.52
79,1,507.84
29,22,17298.45
548,1,164.18
41,3,670.0600000000001
10,18,6126.25
49,6,953.58
385,3,1059.41
15,11,3594.76
45,3,1118.95
18,2,759.17
7,13,8077.77
71,1,100.8
0,45,31466.760000000002
127,5,1357.46
32,4,622.57
312,1,403.3
17,9,1728.99
87,2,569.96
1,7,2373.82
410,1,331.35
1,5,534.0600000000001
529,1,369.68
253,5,1422.77
655,1,325.74
156,4,323.58
731,1,293.35
36,15,4620.3
219,1,534.24
147,3,2940.04
176,2,120.89999999999999
39,2,541.53
496,46,14523.67
1,13,4868.15
7,51,244784.25
0,7,1721.4
17,2,486.71999999999997
191,10,1547.94
203,1,131.7
364,2,975.5600000000001
126,14,5984.81
14,2,529.58
42,2,657.3
93,16,2157.9700000000003
22,3,735.82
59,2,675.69
15,7,2535.26
157,3,907.1400000000001
425,7,2542.79
9,2,763.28
394,1,102.6
9,3,194.8
15,17,5051.25
44,11,2626.47
474,1,321.65000000000003
190,4,922.35
408,2,607.0
599,1,1047.0
78,1,194.37
395,2,489.86
612,2,1144.3
407,2,1272.8000000000002
632,1,389.26
77,2,882.23
3,4,1255.59
486,2,775.64
64,4,591.73
575,2,209.57
260,1,396.87
727,1,160.55
640,1,336.5
58,2,376.64
0,9,2750.5
0,17,5653.67
247,3,1122.42
384,1,100.91
501,1,54.699999999999996
7,3,806.72
358,4,1412.89
389,2,287.25
75,1,272.21999999999997
289,2,1341.3899999999999
16,3,1138.0
220,2,288.6
8,4,689.1
2,2,558.96
205,18,9490.17
161,5,2435.48
75,1,302.2
261,2,605.58
280,8,4579.23
57,8,6083.64
24,2,514.56
2,60,172132.87
28,18,5467.820000000001
71,3,1158.8
127,2,522.0
30,9,1602.51
14,6,947.5
308,1,153.94
425,2,329.42
16,15,4774.17
53,1,546.81
29,5,1278.06
1,5,1070.71
10,4,652.74
360,3,539.14
359,3,1161.9
4,12,3939.24
53,4,939.37
0,8,3628.5
609,2,1240.25
0,12,2791.69
189,3,1266.82
385,1,65.34
434,1,34.8
53,5,1668.83
279,1,164.4
176,3,364.83
29,2,887.67
25,1,98.42
617,4,1176.84
24,6,1590.6000000000001
509,1,119.86
269,3,340.85
549,1,120.05
389,3,944.82
42,6,1409.86
375,2,727.85
233,4,731.26
23,2,148.86
196,9,2506.64
358,1,290.34
59,12,2786.77
129,4,3757.6
0,5,1952.45
19,5,1045.74
205,2,300.67
13,4,575.46
392,1,259.17
512,1,167.62
94,9,1895.8
18,4,703.02
13,7,1122.38
577,2,392.38
23,3,454.01
586,1,131.83
7,2,869.77
6,9,4838.08
632,1,374.45
331,1,344.14
381,1,100.0
49,5,1630.91
70,10,652.21
28,3,380.6
242,1,185.65
666,1,171.7
7,41,8711.95
644,2,348.75
217,7,1047.33
4,4,753.28
252,5,541.02
0,43,17951.17
235,5,1446.95
559,1,135.95
6,6,5309.42
108,7,2064.71
618,1,167.4
627,1,176.71
99,7,2939.55
59,18,13837.94
1,3,1468.02
72,8,2339.32
738,1,148.3
3,11,8092.32
84,4,2497.88
11,2,386.69
22,13,4491.46
213,5,3484.09
380,1,409.98
477,1,52.05
17,1,161.67000000000002
238,2,413.08
1,14,7354.43
77,4,1788.38
216,6,942.38
589,1,160.75
736,1,87.30000000000001
375,1,333.81
32,4,488.06
40,11,1887.8999999999999
539,5,1511.94
6,28,8337.53
52,18,5394.86
22,14,4544.55
56,1,386.32
129,6,721.8
173,4,734.4
558,1,385.19
5,11,4001.64
311,1,214.37
59,1,81.44
20,6,3175.12
597,2,1130.21
32,7,2365.77
14,4,1568.63
17,8,5978.9
602,1,254.0
478,1,296.36
80,1,75.75
5,10,2455.52
169,2,503.59999999999997
1,7,998.49
30,7,2057.39
35,9,2358.59
423,3,1265.58
18,1,285.56
30,2,547.0600000000001
646,2,842.4
275,6,615.17
86,6,3168.94
119,5,1824.49
372,2,439.7
0,20,6028.6
218,12,3898.79
64,3,331.65999999999997
60,5,2216.37
137,3,1578.89
20,1,166.07999999999998
11,16,5703.5199999999995
24,12,4867.72
36,4,1207.56
276,1,117.55
10,9,2976.38
72,5,1674.69
429,1,126.0
25,2,595.42
16,14,3586.9900000000002
140,2,342.22
661,2,412.92
25,17,5175.83
18,4,1166.23
492,1,563.1
3,5,2047.8
65,9,3950.7
0,2,347.75
42,10,6142.35
227,1,205.7
15,5,2009.16
49,7,5778.63
1,13,4173.88
73,2,551.04
0,70,37642.48
3,10,2448.64
1,54,35058.46
263,2,599.76
52,7,3577.61
23,3,497.45
596,5,731.2
9,11,4065.28
385,3,819.01
43,1,239.41
16,12,5454.95
6,9,8296.81
420,1,432.68
393,1,304.2
387,2,317.08
29,20,6963.8
357,4,637.55
126,12,2975.8
136,1,200.47
141,3,1695.97
131,5,1746.04
37,27,7679.59
235,1,338.95
260,1,154.95
476,2,442.0
16,14,6679.97
252,1,417.95
29,6,3144.04
34,4,1094.84
168,2,885.19
2,11,2083.9
3,31,20272.15
184,8,609.3
187,4,884.1800000000001
169,5,671.01
423,1,293.5
10,2,385.1
44,1,522.91
381,4,1198.09
320,5,1410.18
200,2,489.59999999999997
22,24,15956.97
420,1,376.92
231,2,439.18
37,15,5396.04
25,10,2666.91
658,1,307.21000000000004
95,5,3520.2200000000003
126,7,3378.4000000000005
70,3,1033.0
15,11,3439.08
394,7,1092.06
14,1,1060.25
3,5,4238.76
595,1,438.65000000000003
2,20,7773.8
78,6,1708.99
372,8,2166.42
38,2,692.19
53,6,1442.32
1,26,16790.33
8,3,377.44
8,2,168.24
18,13,4183.56
11,18,7730.59
388,6,426.90000000000003
406,2,101.1
112,11,2098.48
447,1,229.2
3,7,2649.14
477,2,600.34
239,4,904.1800000000001
112,1,71.4
526,1,358.15
177,3,1026.18
4,9,1710.45
420,1,157.85999999999999
358,1,80.64
463,4,382.06
0,13,4451.22
375,3,728.75
0,56,9074.05
18,12,4964.03
16,5,1261.88
21,6,746.39
32,1,712.78
455,1,129.75
262,4,86.15
50,5,1513.57
158,4,524.0
380,2,299.61
14,2,413.05
7,7,3292.73
12,17,7053.38
198,5,1143.27
56,4,387.41
10,3,360.75
513,2,575.37
96,9,3273.83
254,1,56.4
386,2,330.56
24,3,647.56
661,1,197.70000000000002
20,3,650.32
666,3,346.56
158,2,188.02
382,2,679.02
71,3,376.96
549,1,112.86
52,3,403.38
84,2,266.85
152,4,1817.54
73,2,1117.9
280,2,397.15
26,20,2779.41
29,1,106.1
466,2,368.35
24,1,300.34
686,2,147.3
179,2,342.83
39,7,1236.39
21,8,1971.8700000000001
581,1,178.07
21,20,6246.93
36,9,1187.21
450,3,770.03
81,10,4946.22
391,1,184.66
375,3,383.78000000000003
73,2,927.03
10,1,546.04
394,3,437.87
548,4,262.64
15,20,10085.89
668,2,373.16
3,47,9519.8
12,7,911.99
13,5,1698.07
374,2,1609.37
392,1,591.96
36,6,96.11
3,6,788.15
737,1,124.78
71,12,6021.05
373,1,180.60999999999999
405,1,334.62
419,5,2162.93
420,2,449.25
50,1,298.4
598,4,701.96
373,1,133.34
4,6,2376.17
22,4,1820.09
298,5,4756.74
1,3,398.7
32,1,35.400000000000006
49,1,155.37
722,1,338.46000000000004
414,2,689.6700000000001
2,3,342.24
46,1,110.21000000000001
41,8,1541.23
26,13,5604.64
41,1,318.15
443,1,175.9
1,211,68545.25
601,1,430.69
302,2,320.4
106,1,51.559999999999995
554,4,596.09
84,1,2033.1
515,2,129.69
80,30,3559.11
217,8,1063.76
371,155,51208.87
421,6,1552.35
11,5,657.8100000000001
406,3,1596.29
184,6,1068.5
372,1,208.97
1,4,1418.03
3,24,27347.04
5,30,12518.65
304,1,141.92
368,4,717.39
2,18,5088.29
323,4,1254.89
58,12,5360.48
12,5,876.57
30,46,26312.190000000002
142,3,1134.95
29,15,1582.0500000000002
385,1,227.15
106,7,813.64
1,13,2753.29
204,5,1068.95
381,1,235.87
79,18,6265.33
184,6,683.46
687,1,167.1
399,3,3424.02
169,1,237.61
43,3,1378.93
173,1,178.52
364,3,824.9200000000001
303,1,133.35
378,2,291.56
2,7,988.42
3,20,2698.47
11,1,156.34
31,6,1572.55
128,1,111.35
20,25,1807.44
211,7,746.42
322,2,586.89
161,1,203.85999999999999
55,3,244.1
224,1,107.21
71,18,2304.58
43,1,95.45
22,1,256.32
172,9,2099.89
84,4,299.18
158,1,154.55
189,2,112.19999999999999
28,3,260.08
546,1,216.39999999999998
393,1,381.09000000000003
20,1,181.07
70,13,2178.87
246,1,72.9
640,1,291.76
373,5,1142.47
736,1,110.05
725,1,261.7
8,1,366.23
309,6,374.55
58,14,3429.29
3,1,329.36
550,1,225.78
628,2,43.87
44,3,335.03
500,3,396.39
87,2,1840.3200000000002
3,54,23581.78
63,10,2394.36
542,1,170.4
281,3,497.0
11,8,3257.7000000000003
372,1,244.08
132,5,1035.49
721,1,294.0
44,3,341.24
10,12,3082.1
35,13,4275.22
133,14,3402.2400000000002
28,3,1331.57
631,1,114.69
51,3,1049.15
137,7,686.14
4,1,380.13
8,7,4301.22
419,1,144.29
159,1,99.14
48,16,30306.79
130,4,1433.28
7,1,77.50000000000001
422,1,74.99
696,3,360.35
232,2,149.57999999999998
36,1,176.68
146,1,358.56000000000006
0,118,117314.08
71,7,1166.29
39,4,1340.5800000000002
377,4,788.46
539,1,159.17000000000002
4,19,3804.38
198,6,949.9
248,1,12.75
65,1,111.68
116,2,973.8799999999999
591,1,140.75
170,3,135.08
20,100,2866.7400000000002
141,4,666.96
470,4,643.16
31,2,463.21
37,29,7006.65
37,10,1963.92
371,2,223.42
373,4,590.44
165,20,2354.29
210,1,562.79
547,1,161.94
241,1,135.19
51,1,337.04
24,6,1739.09
14,24,6696.33
371,1,321.79
28,2,1511.45
364,4,1159.99
35,4,732.41
165,4,1012.72
410,1,239.12
680,1,138.18
394,1,171.71
144,5,1152.19
21,1,631.35
55,1,20.8
184,5,965.4399999999999
11,14,489.54
378,1,207.32999999999998
236,6,1527.6100000000001
224,3,300.3
388,1,252.88
616,1,225.99
121,11,2270.0299999999997
281,3,495.48
379,3,482.33
73,8,1962.46
379,3,639.24
36,3,528.46
563,1,124.25
11,6,924.14
375,4,244.37
375,1,353.51
361,1,157.92
3,2,226.47
22,4,969.51
392,1,215.22
69,23,19759.079999999998
234,8,2144.23
256,1,174.8
372,2,410.79
722,1,115.3
154,2,187.29
27,1,162.22
3,1,120.03
31,7,1954.56
80,4,688.0
107,4,297.99
51,1,38.45
543,1,190.48000000000002
509,2,216.41
35,5,1507.25
152,2,389.78
379,6,1177.72
500,2,2074.07
98,1,115.31
582,1,192.05
641,1,433.77
3,2,230.64999999999998
378,1,451.3
333,1,73.5
64,1,93.82000000000001
21,3,754.2
35,5,1260.23
31,11,1545.49
153,15,167.42
555,1,141.48
373,4,548.22
18,2,357.20000000000005
11,38,8018.7699999999995
53,2,281.15
24,3,529.29
3,18,3505.61
44,1,178.34
649,1,189.63
380,2,326.09
202,3,394.93
436,2,500.92
358,2,412.06
633,7,2282.28
564,1,10877.18
70,3,571.07
392,1,176.5
6,14,10142.64
287,2,554.6
392,3,1188.46
9,3,774.06
22,3,306.46
407,2,1185.46
21,28,6083.81
172,6,1632.67
390,2,186.60000000000002
132,11,4481.83
5,29,5866.63
74,3,1440.4
39,1,396.33
288,1,101.7
25,11,4464.92
668,1,314.1
257,6,1169.68
185,1,247.44
113,12,3859.82
373,2,1019.44
22,20,5783.29
379,1,151.49
7,18,4078.79
216,4,725.53
44,5,4203.93
18,2,1231.5
35,3,343.45
25,1,680.84
397,1,463.53
15,3,795.2299999999999
329,4,1341.8500000000001
273,1,101.34
97,17,14761.52
60,1,166.03
446,1,428.45
421,1,321.9
592,1,360.85
1,18,14693.72
92,8,4452.71
81,13,6391.52
312,5,2303.09
11,6,1657.87
7,11,4627.92
395,1,527.94
126,1,168.31
549,1,451.56
10,5,622.01
0,145,580987.04
548,1,105.8
36,1,754.64
37,1,113.48000000000002
329,6,1441.06
441,1,165.88
253,3,848.8100000000001
1,38,9555.71
19,2,392.28000000000003
588,1,405.85
11,4,773.36
368,1,76.32000000000001
289,1,220.1
697,1,9.700000000000001
67,13,2134.4900000000002
25,1,315.65
10,29,6221.02
367,1,180.7
213,1,111.15
148,2,653.3
7,6,1793.06
23,3,666.64
471,1,102.65
29,4,1131.75
60,1,200.92000000000002
18,4,556.13
536,1,399.29
242,1,112.55000000000001
14,3,1059.39
631,1,222.95999999999998
503,1,220.13
211,1,931.5
597,2,445.0
28,10,1249.6200000000001
62,5,1631.3600000000001
550,2,145.99
294,1,152.65
17,6,8438.34
473,1,536.41
401,2,882.47
156,2,1019.52
116,2,1000.16
7,19,4892.95
12,11,5609.74
140,2,160.35
45,2,179.34
646,1,112.85000000000001
50,7,1553.96
31,3,566.58
134,6,1879.44
645,1,426.69
658,1,246.22
2,5,932.6
74,3,371.62
12,2,675.64
570,1,213.9
8,2,453.4
300,1,530.15
56,3,1003.88
14,6,1803.1000000000001
731,1,371.51
583,1,728.84
36,1,399.65
176,1,302.46
623,1,175.5
22,3,1384.8600000000001
175,16,3435.5
60,1,202.65
32,9,2878.0
58,9,2437.31
14,52,17467.24
86,5,2696.36
6,2,162.5
675,1,176.1
357,1,476.35
30,9,2216.32
128,11,6103.74
8,8,2547.55
4,6,1843.75
23,5,1188.34
462,1,291.13
226,2,632.07
14,1,49.8
248,1,304.25
722,1,329.58000000000004
631,1,724.89
14,6,3280.59
77,3,1403.73
191,5,745.62
261,2,529.4
71,1,957.97
164,3,1207.35
81,6,4162.04
386,1,101.16
94,4,1457.19
575,1,230.1
3,17,5425.56
683,1,344.75
105,1,150.35
722,1,447.53000000000003
199,3,1396.99
156,4,492.52
70,3,1975.35
35,2,517.36
552,1,314.65999999999997
498,1,544.47
565,1,360.08
28,1,139.10000000000002
1,7,2768.83
25,5,600.07
325,2,514.37
236,1,232.48000000000002
530,4,1780.34
88,5,2232.4900000000002
30,1,481.75
28,4,945.04
210,4,1121.84
2,17,3352.7000000000003
226,6,1921.76
21,6,1424.94
92,1,443.0
4,26,14000.85
263,1,158.95000000000002
2,26,13014.8
43,26,11878.88
217,2,388.75
56,2,779.9
11,28,10150.51
8,9,4291.06
191,28,6854.17
81,4,592.97
325,1,440.0
551,1,179.6
71,3,1796.48
29,12,1795.3500000000001
2,5,987.1
514,1,270.92
218,6,1712.26
45,1,422.58
9,21,2986.9900000000002
71,8,3605.21
413,1,515.78
430,2,568.64
6,20,6324.9800000000005
23,3,758.8199999999999
414,3,839.73
122,2,804.02
16,1,95.34
309,1,349.27
86,9,26278.86
50,7,1533.69
642,1,317.88
580,1,267.9
88,2,303.15
387,1,110.69999999999999
38,12,4600.15
463,6,2059.67
24,7,3941.9
172,23,9947.26
42,2,324.24
139,3,577.54
25,3,1213.16
498,1,603.25
71,2,801.51
433,1,251.1
672,1,269.37
133,6,1490.23
365,1,168.6
37,3,444.55
609,2,680.85
2,9,4385.9800000000005
1,4,357.0
29,1,175.92
577,2,741.85
43,6,1656.52
57,5,1180.05
73,2,414.20000000000005
518,1,231.34
277,2,488.15000000000003
180,2,201.14
7,2,178.05
3,22,2664.9
431,1,461.68
660,1,427.0
476,2,1296.43
42,7,4182.99
